task_id,inj_step,inj_type,agent,run_id
VB-002,3,SKIP_EVENT,AgentSkip,VBrun_scale_microbench_300_2026-02-11T064352Z_seed20260211
VB-003,3,SKIP_EVENT,AgentSkip,VBrun_scale_microbench_300_2026-02-11T064352Z_seed20260211
VB-004,3,SKIP_EVENT,AgentSkip,VBrun_scale_microbench_300_2026-02-11T064352Z_seed20260211
VB-005,3,SKIP_EVENT,AgentSkip,VBrun_scale_microbench_300_2026-02-11T064352Z_seed20260211
VB-006,3,SKIP_EVENT,AgentSkip,VBrun_scale_microbench_300_2026-02-11T064352Z_seed20260211
VB-007,3,SKIP_EVENT,AgentSkip,VBrun_scale_microbench_300_2026-02-11T064352Z_seed20260211
VB-009,3,SKIP_EVENT,AgentSkip,VBrun_scale_microbench_300_2026-02-11T064352Z_seed20260211
VB-010,3,SKIP_EVENT,AgentSkip,VBrun_scale_microbench_300_2026-02-11T064352Z_seed20260211
VB-011,3,SKIP_EVENT,AgentSkip,VBrun_scale_microbench_300_2026-02-11T064352Z_seed20260211
VB-012,3,SKIP_EVENT,AgentSkip,VBrun_scale_microbench_300_2026-02-11T064352Z_seed20260211
VB-013,3,SKIP_EVENT,AgentSkip,VBrun_scale_microbench_300_2026-02-11T064352Z_seed20260211
VB-014,3,SKIP_EVENT,AgentSkip,VBrun_scale_microbench_300_2026-02-11T064352Z_seed20260211
VB-016,3,SKIP_EVENT,AgentSkip,VBrun_scale_microbench_300_2026-02-11T064352Z_seed20260211
VB-017,3,SKIP_EVENT,AgentSkip,VBrun_scale_microbench_300_2026-02-11T064352Z_seed20260211
VB-018,3,SKIP_EVENT,AgentSkip,VBrun_scale_microbench_300_2026-02-11T064352Z_seed20260211
VB-019,3,SKIP_EVENT,AgentSkip,VBrun_scale_microbench_300_2026-02-11T064352Z_seed20260211
VB-020,3,SKIP_EVENT,AgentSkip,VBrun_scale_microbench_300_2026-02-11T064352Z_seed20260211
VB-021,3,SKIP_EVENT,AgentSkip,VBrun_scale_microbench_300_2026-02-11T064352Z_seed20260211
VB-023,3,SKIP_EVENT,AgentSkip,VBrun_scale_microbench_300_2026-02-11T064352Z_seed20260211
VB-024,3,SKIP_EVENT,AgentSkip,VBrun_scale_microbench_300_2026-02-11T064352Z_seed20260211
VB-025,3,SKIP_EVENT,AgentSkip,VBrun_scale_microbench_300_2026-02-11T064352Z_seed20260211
VB-026,3,SKIP_EVENT,AgentSkip,VBrun_scale_microbench_300_2026-02-11T064352Z_seed20260211
VB-027,3,SKIP_EVENT,AgentSkip,VBrun_scale_microbench_300_2026-02-11T064352Z_seed20260211
VB-028,3,SKIP_EVENT,AgentSkip,VBrun_scale_microbench_300_2026-02-11T064352Z_seed20260211
VB-030,3,SKIP_EVENT,AgentSkip,VBrun_scale_microbench_300_2026-02-11T064352Z_seed20260211
VB-031,3,SKIP_EVENT,AgentSkip,VBrun_scale_microbench_300_2026-02-11T064352Z_seed20260211
VB-032,3,SKIP_EVENT,AgentSkip,VBrun_scale_microbench_300_2026-02-11T064352Z_seed20260211
VB-033,3,SKIP_EVENT,AgentSkip,VBrun_scale_microbench_300_2026-02-11T064352Z_seed20260211
VB-034,3,SKIP_EVENT,AgentSkip,VBrun_scale_microbench_300_2026-02-11T064352Z_seed20260211
VB-035,3,SKIP_EVENT,AgentSkip,VBrun_scale_microbench_300_2026-02-11T064352Z_seed20260211
VB-037,3,SKIP_EVENT,AgentSkip,VBrun_scale_microbench_300_2026-02-11T064352Z_seed20260211
VB-038,3,SKIP_EVENT,AgentSkip,VBrun_scale_microbench_300_2026-02-11T064352Z_seed20260211
VB-039,3,SKIP_EVENT,AgentSkip,VBrun_scale_microbench_300_2026-02-11T064352Z_seed20260211
VB-040,3,SKIP_EVENT,AgentSkip,VBrun_scale_microbench_300_2026-02-11T064352Z_seed20260211
VB-041,3,SKIP_EVENT,AgentSkip,VBrun_scale_microbench_300_2026-02-11T064352Z_seed20260211
VB-042,3,SKIP_EVENT,AgentSkip,VBrun_scale_microbench_300_2026-02-11T064352Z_seed20260211
VB-044,3,SKIP_EVENT,AgentSkip,VBrun_scale_microbench_300_2026-02-11T064352Z_seed20260211
VB-045,3,SKIP_EVENT,AgentSkip,VBrun_scale_microbench_300_2026-02-11T064352Z_seed20260211
VB-046,3,SKIP_EVENT,AgentSkip,VBrun_scale_microbench_300_2026-02-11T064352Z_seed20260211
VB-047,3,SKIP_EVENT,AgentSkip,VBrun_scale_microbench_300_2026-02-11T064352Z_seed20260211
VB-048,3,SKIP_EVENT,AgentSkip,VBrun_scale_microbench_300_2026-02-11T064352Z_seed20260211
VB-049,3,SKIP_EVENT,AgentSkip,VBrun_scale_microbench_300_2026-02-11T064352Z_seed20260211
VB-051,3,SKIP_EVENT,AgentSkip,VBrun_scale_microbench_300_2026-02-11T064352Z_seed20260211
VB-052,3,SKIP_EVENT,AgentSkip,VBrun_scale_microbench_300_2026-02-11T064352Z_seed20260211
VB-053,3,SKIP_EVENT,AgentSkip,VBrun_scale_microbench_300_2026-02-11T064352Z_seed20260211
VB-054,3,SKIP_EVENT,AgentSkip,VBrun_scale_microbench_300_2026-02-11T064352Z_seed20260211
VB-055,3,SKIP_EVENT,AgentSkip,VBrun_scale_microbench_300_2026-02-11T064352Z_seed20260211
VB-056,3,SKIP_EVENT,AgentSkip,VBrun_scale_microbench_300_2026-02-11T064352Z_seed20260211
VB-058,3,SKIP_EVENT,AgentSkip,VBrun_scale_microbench_300_2026-02-11T064352Z_seed20260211
VB-059,3,SKIP_EVENT,AgentSkip,VBrun_scale_microbench_300_2026-02-11T064352Z_seed20260211
VB-060,3,SKIP_EVENT,AgentSkip,VBrun_scale_microbench_300_2026-02-11T064352Z_seed20260211
VB-061,3,SKIP_EVENT,AgentSkip,VBrun_scale_microbench_300_2026-02-11T064352Z_seed20260211
VB-062,3,SKIP_EVENT,AgentSkip,VBrun_scale_microbench_300_2026-02-11T064352Z_seed20260211
VB-063,3,SKIP_EVENT,AgentSkip,VBrun_scale_microbench_300_2026-02-11T064352Z_seed20260211
VB-065,3,SKIP_EVENT,AgentSkip,VBrun_scale_microbench_300_2026-02-11T064352Z_seed20260211
VB-066,3,SKIP_EVENT,AgentSkip,VBrun_scale_microbench_300_2026-02-11T064352Z_seed20260211
VB-067,3,SKIP_EVENT,AgentSkip,VBrun_scale_microbench_300_2026-02-11T064352Z_seed20260211
VB-068,3,SKIP_EVENT,AgentSkip,VBrun_scale_microbench_300_2026-02-11T064352Z_seed20260211
VB-069,3,SKIP_EVENT,AgentSkip,VBrun_scale_microbench_300_2026-02-11T064352Z_seed20260211
VB-070,3,SKIP_EVENT,AgentSkip,VBrun_scale_microbench_300_2026-02-11T064352Z_seed20260211
VB-072,3,SKIP_EVENT,AgentSkip,VBrun_scale_microbench_300_2026-02-11T064352Z_seed20260211
VB-073,3,SKIP_EVENT,AgentSkip,VBrun_scale_microbench_300_2026-02-11T064352Z_seed20260211
VB-074,3,SKIP_EVENT,AgentSkip,VBrun_scale_microbench_300_2026-02-11T064352Z_seed20260211
VB-075,3,SKIP_EVENT,AgentSkip,VBrun_scale_microbench_300_2026-02-11T064352Z_seed20260211
VB-076,3,SKIP_EVENT,AgentSkip,VBrun_scale_microbench_300_2026-02-11T064352Z_seed20260211
VB-077,3,SKIP_EVENT,AgentSkip,VBrun_scale_microbench_300_2026-02-11T064352Z_seed20260211
VB-079,3,SKIP_EVENT,AgentSkip,VBrun_scale_microbench_300_2026-02-11T064352Z_seed20260211
VB-080,3,SKIP_EVENT,AgentSkip,VBrun_scale_microbench_300_2026-02-11T064352Z_seed20260211
VB-081,3,SKIP_EVENT,AgentSkip,VBrun_scale_microbench_300_2026-02-11T064352Z_seed20260211
VB-082,3,SKIP_EVENT,AgentSkip,VBrun_scale_microbench_300_2026-02-11T064352Z_seed20260211
VB-083,3,SKIP_EVENT,AgentSkip,VBrun_scale_microbench_300_2026-02-11T064352Z_seed20260211
VB-084,3,SKIP_EVENT,AgentSkip,VBrun_scale_microbench_300_2026-02-11T064352Z_seed20260211
VB-086,3,SKIP_EVENT,AgentSkip,VBrun_scale_microbench_300_2026-02-11T064352Z_seed20260211
VB-087,3,SKIP_EVENT,AgentSkip,VBrun_scale_microbench_300_2026-02-11T064352Z_seed20260211
VB-088,3,SKIP_EVENT,AgentSkip,VBrun_scale_microbench_300_2026-02-11T064352Z_seed20260211
VB-089,3,SKIP_EVENT,AgentSkip,VBrun_scale_microbench_300_2026-02-11T064352Z_seed20260211
VB-090,3,SKIP_EVENT,AgentSkip,VBrun_scale_microbench_300_2026-02-11T064352Z_seed20260211
VB-091,3,SKIP_EVENT,AgentSkip,VBrun_scale_microbench_300_2026-02-11T064352Z_seed20260211
VB-093,3,SKIP_EVENT,AgentSkip,VBrun_scale_microbench_300_2026-02-11T064352Z_seed20260211
VB-094,3,SKIP_EVENT,AgentSkip,VBrun_scale_microbench_300_2026-02-11T064352Z_seed20260211
VB-095,3,SKIP_EVENT,AgentSkip,VBrun_scale_microbench_300_2026-02-11T064352Z_seed20260211
VB-096,3,SKIP_EVENT,AgentSkip,VBrun_scale_microbench_300_2026-02-11T064352Z_seed20260211
VB-097,3,SKIP_EVENT,AgentSkip,VBrun_scale_microbench_300_2026-02-11T064352Z_seed20260211
VB-098,3,SKIP_EVENT,AgentSkip,VBrun_scale_microbench_300_2026-02-11T064352Z_seed20260211
VB-100,3,SKIP_EVENT,AgentSkip,VBrun_scale_microbench_300_2026-02-11T064352Z_seed20260211
VB-101,3,SKIP_EVENT,AgentSkip,VBrun_scale_microbench_300_2026-02-11T064352Z_seed20260211
VB-102,3,SKIP_EVENT,AgentSkip,VBrun_scale_microbench_300_2026-02-11T064352Z_seed20260211
VB-103,3,SKIP_EVENT,AgentSkip,VBrun_scale_microbench_300_2026-02-11T064352Z_seed20260211
VB-104,3,SKIP_EVENT,AgentSkip,VBrun_scale_microbench_300_2026-02-11T064352Z_seed20260211
VB-105,3,SKIP_EVENT,AgentSkip,VBrun_scale_microbench_300_2026-02-11T064352Z_seed20260211
VB-107,3,SKIP_EVENT,AgentSkip,VBrun_scale_microbench_300_2026-02-11T064352Z_seed20260211
VB-108,3,SKIP_EVENT,AgentSkip,VBrun_scale_microbench_300_2026-02-11T064352Z_seed20260211
VB-109,3,SKIP_EVENT,AgentSkip,VBrun_scale_microbench_300_2026-02-11T064352Z_seed20260211
VB-110,3,SKIP_EVENT,AgentSkip,VBrun_scale_microbench_300_2026-02-11T064352Z_seed20260211
VB-111,3,SKIP_EVENT,AgentSkip,VBrun_scale_microbench_300_2026-02-11T064352Z_seed20260211
VB-112,3,SKIP_EVENT,AgentSkip,VBrun_scale_microbench_300_2026-02-11T064352Z_seed20260211
VB-114,3,SKIP_EVENT,AgentSkip,VBrun_scale_microbench_300_2026-02-11T064352Z_seed20260211
VB-115,3,SKIP_EVENT,AgentSkip,VBrun_scale_microbench_300_2026-02-11T064352Z_seed20260211
VB-116,3,SKIP_EVENT,AgentSkip,VBrun_scale_microbench_300_2026-02-11T064352Z_seed20260211
VB-117,3,SKIP_EVENT,AgentSkip,VBrun_scale_microbench_300_2026-02-11T064352Z_seed20260211
VB-118,3,SKIP_EVENT,AgentSkip,VBrun_scale_microbench_300_2026-02-11T064352Z_seed20260211
VB-119,3,SKIP_EVENT,AgentSkip,VBrun_scale_microbench_300_2026-02-11T064352Z_seed20260211
VB-121,3,SKIP_EVENT,AgentSkip,VBrun_scale_microbench_300_2026-02-11T064352Z_seed20260211
VB-122,3,SKIP_EVENT,AgentSkip,VBrun_scale_microbench_300_2026-02-11T064352Z_seed20260211
VB-123,3,SKIP_EVENT,AgentSkip,VBrun_scale_microbench_300_2026-02-11T064352Z_seed20260211
VB-124,3,SKIP_EVENT,AgentSkip,VBrun_scale_microbench_300_2026-02-11T064352Z_seed20260211
VB-125,3,SKIP_EVENT,AgentSkip,VBrun_scale_microbench_300_2026-02-11T064352Z_seed20260211
VB-126,3,SKIP_EVENT,AgentSkip,VBrun_scale_microbench_300_2026-02-11T064352Z_seed20260211
VB-128,3,SKIP_EVENT,AgentSkip,VBrun_scale_microbench_300_2026-02-11T064352Z_seed20260211
VB-129,3,SKIP_EVENT,AgentSkip,VBrun_scale_microbench_300_2026-02-11T064352Z_seed20260211
VB-130,3,SKIP_EVENT,AgentSkip,VBrun_scale_microbench_300_2026-02-11T064352Z_seed20260211
VB-131,3,SKIP_EVENT,AgentSkip,VBrun_scale_microbench_300_2026-02-11T064352Z_seed20260211
VB-132,3,SKIP_EVENT,AgentSkip,VBrun_scale_microbench_300_2026-02-11T064352Z_seed20260211
VB-133,3,SKIP_EVENT,AgentSkip,VBrun_scale_microbench_300_2026-02-11T064352Z_seed20260211
VB-135,3,SKIP_EVENT,AgentSkip,VBrun_scale_microbench_300_2026-02-11T064352Z_seed20260211
VB-136,3,SKIP_EVENT,AgentSkip,VBrun_scale_microbench_300_2026-02-11T064352Z_seed20260211
VB-137,3,SKIP_EVENT,AgentSkip,VBrun_scale_microbench_300_2026-02-11T064352Z_seed20260211
VB-138,3,SKIP_EVENT,AgentSkip,VBrun_scale_microbench_300_2026-02-11T064352Z_seed20260211
VB-139,3,SKIP_EVENT,AgentSkip,VBrun_scale_microbench_300_2026-02-11T064352Z_seed20260211
VB-140,3,SKIP_EVENT,AgentSkip,VBrun_scale_microbench_300_2026-02-11T064352Z_seed20260211
VB-142,3,SKIP_EVENT,AgentSkip,VBrun_scale_microbench_300_2026-02-11T064352Z_seed20260211
VB-143,3,SKIP_EVENT,AgentSkip,VBrun_scale_microbench_300_2026-02-11T064352Z_seed20260211
VB-144,3,SKIP_EVENT,AgentSkip,VBrun_scale_microbench_300_2026-02-11T064352Z_seed20260211
VB-145,3,SKIP_EVENT,AgentSkip,VBrun_scale_microbench_300_2026-02-11T064352Z_seed20260211
VB-146,3,SKIP_EVENT,AgentSkip,VBrun_scale_microbench_300_2026-02-11T064352Z_seed20260211
VB-147,3,SKIP_EVENT,AgentSkip,VBrun_scale_microbench_300_2026-02-11T064352Z_seed20260211
VB-149,3,SKIP_EVENT,AgentSkip,VBrun_scale_microbench_300_2026-02-11T064352Z_seed20260211
VB-150,3,SKIP_EVENT,AgentSkip,VBrun_scale_microbench_300_2026-02-11T064352Z_seed20260211
VB-151,3,SKIP_EVENT,AgentSkip,VBrun_scale_microbench_300_2026-02-11T064352Z_seed20260211
VB-152,3,SKIP_EVENT,AgentSkip,VBrun_scale_microbench_300_2026-02-11T064352Z_seed20260211
VB-153,3,SKIP_EVENT,AgentSkip,VBrun_scale_microbench_300_2026-02-11T064352Z_seed20260211
VB-154,3,SKIP_EVENT,AgentSkip,VBrun_scale_microbench_300_2026-02-11T064352Z_seed20260211
VB-156,3,SKIP_EVENT,AgentSkip,VBrun_scale_microbench_300_2026-02-11T064352Z_seed20260211
VB-157,3,SKIP_EVENT,AgentSkip,VBrun_scale_microbench_300_2026-02-11T064352Z_seed20260211
VB-158,3,SKIP_EVENT,AgentSkip,VBrun_scale_microbench_300_2026-02-11T064352Z_seed20260211
VB-159,3,SKIP_EVENT,AgentSkip,VBrun_scale_microbench_300_2026-02-11T064352Z_seed20260211
VB-160,3,SKIP_EVENT,AgentSkip,VBrun_scale_microbench_300_2026-02-11T064352Z_seed20260211
VB-161,3,SKIP_EVENT,AgentSkip,VBrun_scale_microbench_300_2026-02-11T064352Z_seed20260211
VB-163,3,SKIP_EVENT,AgentSkip,VBrun_scale_microbench_300_2026-02-11T064352Z_seed20260211
VB-164,3,SKIP_EVENT,AgentSkip,VBrun_scale_microbench_300_2026-02-11T064352Z_seed20260211
VB-165,3,SKIP_EVENT,AgentSkip,VBrun_scale_microbench_300_2026-02-11T064352Z_seed20260211
VB-166,3,SKIP_EVENT,AgentSkip,VBrun_scale_microbench_300_2026-02-11T064352Z_seed20260211
VB-167,3,SKIP_EVENT,AgentSkip,VBrun_scale_microbench_300_2026-02-11T064352Z_seed20260211
VB-168,3,SKIP_EVENT,AgentSkip,VBrun_scale_microbench_300_2026-02-11T064352Z_seed20260211
VB-170,3,SKIP_EVENT,AgentSkip,VBrun_scale_microbench_300_2026-02-11T064352Z_seed20260211
VB-171,3,SKIP_EVENT,AgentSkip,VBrun_scale_microbench_300_2026-02-11T064352Z_seed20260211
VB-172,3,SKIP_EVENT,AgentSkip,VBrun_scale_microbench_300_2026-02-11T064352Z_seed20260211
VB-173,3,SKIP_EVENT,AgentSkip,VBrun_scale_microbench_300_2026-02-11T064352Z_seed20260211
VB-174,3,SKIP_EVENT,AgentSkip,VBrun_scale_microbench_300_2026-02-11T064352Z_seed20260211
VB-175,3,SKIP_EVENT,AgentSkip,VBrun_scale_microbench_300_2026-02-11T064352Z_seed20260211
VB-177,3,SKIP_EVENT,AgentSkip,VBrun_scale_microbench_300_2026-02-11T064352Z_seed20260211
VB-178,3,SKIP_EVENT,AgentSkip,VBrun_scale_microbench_300_2026-02-11T064352Z_seed20260211
VB-179,3,SKIP_EVENT,AgentSkip,VBrun_scale_microbench_300_2026-02-11T064352Z_seed20260211
VB-180,3,SKIP_EVENT,AgentSkip,VBrun_scale_microbench_300_2026-02-11T064352Z_seed20260211
VB-181,3,SKIP_EVENT,AgentSkip,VBrun_scale_microbench_300_2026-02-11T064352Z_seed20260211
VB-182,3,SKIP_EVENT,AgentSkip,VBrun_scale_microbench_300_2026-02-11T064352Z_seed20260211
VB-184,3,SKIP_EVENT,AgentSkip,VBrun_scale_microbench_300_2026-02-11T064352Z_seed20260211
VB-185,3,SKIP_EVENT,AgentSkip,VBrun_scale_microbench_300_2026-02-11T064352Z_seed20260211
VB-186,3,SKIP_EVENT,AgentSkip,VBrun_scale_microbench_300_2026-02-11T064352Z_seed20260211
VB-187,3,SKIP_EVENT,AgentSkip,VBrun_scale_microbench_300_2026-02-11T064352Z_seed20260211
VB-188,3,SKIP_EVENT,AgentSkip,VBrun_scale_microbench_300_2026-02-11T064352Z_seed20260211
VB-189,3,SKIP_EVENT,AgentSkip,VBrun_scale_microbench_300_2026-02-11T064352Z_seed20260211
VB-191,3,SKIP_EVENT,AgentSkip,VBrun_scale_microbench_300_2026-02-11T064352Z_seed20260211
VB-192,3,SKIP_EVENT,AgentSkip,VBrun_scale_microbench_300_2026-02-11T064352Z_seed20260211
VB-193,3,SKIP_EVENT,AgentSkip,VBrun_scale_microbench_300_2026-02-11T064352Z_seed20260211
VB-194,3,SKIP_EVENT,AgentSkip,VBrun_scale_microbench_300_2026-02-11T064352Z_seed20260211
VB-195,3,SKIP_EVENT,AgentSkip,VBrun_scale_microbench_300_2026-02-11T064352Z_seed20260211
VB-196,3,SKIP_EVENT,AgentSkip,VBrun_scale_microbench_300_2026-02-11T064352Z_seed20260211
VB-198,3,SKIP_EVENT,AgentSkip,VBrun_scale_microbench_300_2026-02-11T064352Z_seed20260211
VB-199,3,SKIP_EVENT,AgentSkip,VBrun_scale_microbench_300_2026-02-11T064352Z_seed20260211
VB-200,3,SKIP_EVENT,AgentSkip,VBrun_scale_microbench_300_2026-02-11T064352Z_seed20260211
VB-201,3,SKIP_EVENT,AgentSkip,VBrun_scale_microbench_300_2026-02-11T064352Z_seed20260211
VB-202,3,SKIP_EVENT,AgentSkip,VBrun_scale_microbench_300_2026-02-11T064352Z_seed20260211
VB-203,3,SKIP_EVENT,AgentSkip,VBrun_scale_microbench_300_2026-02-11T064352Z_seed20260211
VB-205,3,SKIP_EVENT,AgentSkip,VBrun_scale_microbench_300_2026-02-11T064352Z_seed20260211
VB-206,3,SKIP_EVENT,AgentSkip,VBrun_scale_microbench_300_2026-02-11T064352Z_seed20260211
VB-207,3,SKIP_EVENT,AgentSkip,VBrun_scale_microbench_300_2026-02-11T064352Z_seed20260211
VB-208,3,SKIP_EVENT,AgentSkip,VBrun_scale_microbench_300_2026-02-11T064352Z_seed20260211
VB-209,3,SKIP_EVENT,AgentSkip,VBrun_scale_microbench_300_2026-02-11T064352Z_seed20260211
VB-210,3,SKIP_EVENT,AgentSkip,VBrun_scale_microbench_300_2026-02-11T064352Z_seed20260211
VB-212,3,SKIP_EVENT,AgentSkip,VBrun_scale_microbench_300_2026-02-11T064352Z_seed20260211
VB-213,3,SKIP_EVENT,AgentSkip,VBrun_scale_microbench_300_2026-02-11T064352Z_seed20260211
VB-214,3,SKIP_EVENT,AgentSkip,VBrun_scale_microbench_300_2026-02-11T064352Z_seed20260211
VB-215,3,SKIP_EVENT,AgentSkip,VBrun_scale_microbench_300_2026-02-11T064352Z_seed20260211
VB-216,3,SKIP_EVENT,AgentSkip,VBrun_scale_microbench_300_2026-02-11T064352Z_seed20260211
VB-217,3,SKIP_EVENT,AgentSkip,VBrun_scale_microbench_300_2026-02-11T064352Z_seed20260211
VB-219,3,SKIP_EVENT,AgentSkip,VBrun_scale_microbench_300_2026-02-11T064352Z_seed20260211
VB-220,3,SKIP_EVENT,AgentSkip,VBrun_scale_microbench_300_2026-02-11T064352Z_seed20260211
VB-221,3,SKIP_EVENT,AgentSkip,VBrun_scale_microbench_300_2026-02-11T064352Z_seed20260211
VB-222,3,SKIP_EVENT,AgentSkip,VBrun_scale_microbench_300_2026-02-11T064352Z_seed20260211
VB-223,3,SKIP_EVENT,AgentSkip,VBrun_scale_microbench_300_2026-02-11T064352Z_seed20260211
VB-224,3,SKIP_EVENT,AgentSkip,VBrun_scale_microbench_300_2026-02-11T064352Z_seed20260211
VB-226,3,SKIP_EVENT,AgentSkip,VBrun_scale_microbench_300_2026-02-11T064352Z_seed20260211
VB-227,3,SKIP_EVENT,AgentSkip,VBrun_scale_microbench_300_2026-02-11T064352Z_seed20260211
VB-228,3,SKIP_EVENT,AgentSkip,VBrun_scale_microbench_300_2026-02-11T064352Z_seed20260211
VB-229,3,SKIP_EVENT,AgentSkip,VBrun_scale_microbench_300_2026-02-11T064352Z_seed20260211
VB-230,3,SKIP_EVENT,AgentSkip,VBrun_scale_microbench_300_2026-02-11T064352Z_seed20260211
VB-231,3,SKIP_EVENT,AgentSkip,VBrun_scale_microbench_300_2026-02-11T064352Z_seed20260211
VB-233,3,SKIP_EVENT,AgentSkip,VBrun_scale_microbench_300_2026-02-11T064352Z_seed20260211
VB-234,3,SKIP_EVENT,AgentSkip,VBrun_scale_microbench_300_2026-02-11T064352Z_seed20260211
VB-235,3,SKIP_EVENT,AgentSkip,VBrun_scale_microbench_300_2026-02-11T064352Z_seed20260211
VB-236,3,SKIP_EVENT,AgentSkip,VBrun_scale_microbench_300_2026-02-11T064352Z_seed20260211
VB-237,3,SKIP_EVENT,AgentSkip,VBrun_scale_microbench_300_2026-02-11T064352Z_seed20260211
VB-238,3,SKIP_EVENT,AgentSkip,VBrun_scale_microbench_300_2026-02-11T064352Z_seed20260211
VB-240,3,SKIP_EVENT,AgentSkip,VBrun_scale_microbench_300_2026-02-11T064352Z_seed20260211
VB-241,3,SKIP_EVENT,AgentSkip,VBrun_scale_microbench_300_2026-02-11T064352Z_seed20260211
VB-242,3,SKIP_EVENT,AgentSkip,VBrun_scale_microbench_300_2026-02-11T064352Z_seed20260211
VB-243,3,SKIP_EVENT,AgentSkip,VBrun_scale_microbench_300_2026-02-11T064352Z_seed20260211
VB-244,3,SKIP_EVENT,AgentSkip,VBrun_scale_microbench_300_2026-02-11T064352Z_seed20260211
VB-245,3,SKIP_EVENT,AgentSkip,VBrun_scale_microbench_300_2026-02-11T064352Z_seed20260211
VB-247,3,SKIP_EVENT,AgentSkip,VBrun_scale_microbench_300_2026-02-11T064352Z_seed20260211
VB-248,3,SKIP_EVENT,AgentSkip,VBrun_scale_microbench_300_2026-02-11T064352Z_seed20260211
VB-249,3,SKIP_EVENT,AgentSkip,VBrun_scale_microbench_300_2026-02-11T064352Z_seed20260211
VB-250,3,SKIP_EVENT,AgentSkip,VBrun_scale_microbench_300_2026-02-11T064352Z_seed20260211
VB-251,3,SKIP_EVENT,AgentSkip,VBrun_scale_microbench_300_2026-02-11T064352Z_seed20260211
VB-252,3,SKIP_EVENT,AgentSkip,VBrun_scale_microbench_300_2026-02-11T064352Z_seed20260211
VB-254,3,SKIP_EVENT,AgentSkip,VBrun_scale_microbench_300_2026-02-11T064352Z_seed20260211
VB-255,3,SKIP_EVENT,AgentSkip,VBrun_scale_microbench_300_2026-02-11T064352Z_seed20260211
VB-256,3,SKIP_EVENT,AgentSkip,VBrun_scale_microbench_300_2026-02-11T064352Z_seed20260211
VB-257,3,SKIP_EVENT,AgentSkip,VBrun_scale_microbench_300_2026-02-11T064352Z_seed20260211
VB-258,3,SKIP_EVENT,AgentSkip,VBrun_scale_microbench_300_2026-02-11T064352Z_seed20260211
VB-259,3,SKIP_EVENT,AgentSkip,VBrun_scale_microbench_300_2026-02-11T064352Z_seed20260211
VB-261,3,SKIP_EVENT,AgentSkip,VBrun_scale_microbench_300_2026-02-11T064352Z_seed20260211
VB-262,3,SKIP_EVENT,AgentSkip,VBrun_scale_microbench_300_2026-02-11T064352Z_seed20260211
VB-263,3,SKIP_EVENT,AgentSkip,VBrun_scale_microbench_300_2026-02-11T064352Z_seed20260211
VB-264,3,SKIP_EVENT,AgentSkip,VBrun_scale_microbench_300_2026-02-11T064352Z_seed20260211
VB-265,3,SKIP_EVENT,AgentSkip,VBrun_scale_microbench_300_2026-02-11T064352Z_seed20260211
VB-266,3,SKIP_EVENT,AgentSkip,VBrun_scale_microbench_300_2026-02-11T064352Z_seed20260211
VB-268,3,SKIP_EVENT,AgentSkip,VBrun_scale_microbench_300_2026-02-11T064352Z_seed20260211
VB-269,3,SKIP_EVENT,AgentSkip,VBrun_scale_microbench_300_2026-02-11T064352Z_seed20260211
VB-270,3,SKIP_EVENT,AgentSkip,VBrun_scale_microbench_300_2026-02-11T064352Z_seed20260211
VB-271,3,SKIP_EVENT,AgentSkip,VBrun_scale_microbench_300_2026-02-11T064352Z_seed20260211
VB-272,3,SKIP_EVENT,AgentSkip,VBrun_scale_microbench_300_2026-02-11T064352Z_seed20260211
VB-273,3,SKIP_EVENT,AgentSkip,VBrun_scale_microbench_300_2026-02-11T064352Z_seed20260211
VB-275,3,SKIP_EVENT,AgentSkip,VBrun_scale_microbench_300_2026-02-11T064352Z_seed20260211
VB-276,3,SKIP_EVENT,AgentSkip,VBrun_scale_microbench_300_2026-02-11T064352Z_seed20260211
VB-277,3,SKIP_EVENT,AgentSkip,VBrun_scale_microbench_300_2026-02-11T064352Z_seed20260211
VB-278,3,SKIP_EVENT,AgentSkip,VBrun_scale_microbench_300_2026-02-11T064352Z_seed20260211
VB-279,3,SKIP_EVENT,AgentSkip,VBrun_scale_microbench_300_2026-02-11T064352Z_seed20260211
VB-280,3,SKIP_EVENT,AgentSkip,VBrun_scale_microbench_300_2026-02-11T064352Z_seed20260211
VB-282,3,SKIP_EVENT,AgentSkip,VBrun_scale_microbench_300_2026-02-11T064352Z_seed20260211
VB-283,3,SKIP_EVENT,AgentSkip,VBrun_scale_microbench_300_2026-02-11T064352Z_seed20260211
VB-284,3,SKIP_EVENT,AgentSkip,VBrun_scale_microbench_300_2026-02-11T064352Z_seed20260211
VB-285,3,SKIP_EVENT,AgentSkip,VBrun_scale_microbench_300_2026-02-11T064352Z_seed20260211
VB-286,3,SKIP_EVENT,AgentSkip,VBrun_scale_microbench_300_2026-02-11T064352Z_seed20260211
VB-287,3,SKIP_EVENT,AgentSkip,VBrun_scale_microbench_300_2026-02-11T064352Z_seed20260211
VB-289,3,SKIP_EVENT,AgentSkip,VBrun_scale_microbench_300_2026-02-11T064352Z_seed20260211
VB-290,3,SKIP_EVENT,AgentSkip,VBrun_scale_microbench_300_2026-02-11T064352Z_seed20260211
VB-291,3,SKIP_EVENT,AgentSkip,VBrun_scale_microbench_300_2026-02-11T064352Z_seed20260211
VB-292,3,SKIP_EVENT,AgentSkip,VBrun_scale_microbench_300_2026-02-11T064352Z_seed20260211
VB-293,3,SKIP_EVENT,AgentSkip,VBrun_scale_microbench_300_2026-02-11T064352Z_seed20260211
VB-294,3,SKIP_EVENT,AgentSkip,VBrun_scale_microbench_300_2026-02-11T064352Z_seed20260211
VB-296,3,SKIP_EVENT,AgentSkip,VBrun_scale_microbench_300_2026-02-11T064352Z_seed20260211
VB-297,3,SKIP_EVENT,AgentSkip,VBrun_scale_microbench_300_2026-02-11T064352Z_seed20260211
VB-298,3,SKIP_EVENT,AgentSkip,VBrun_scale_microbench_300_2026-02-11T064352Z_seed20260211
VB-299,3,SKIP_EVENT,AgentSkip,VBrun_scale_microbench_300_2026-02-11T064352Z_seed20260211
VB-300,3,SKIP_EVENT,AgentSkip,VBrun_scale_microbench_300_2026-02-11T064352Z_seed20260211
