task_id,pred_fail_step,pred_tax,inj_type,inj_step,agent,run_id
VB-002,3,E1,SKIP_EVENT,3,AgentSkip,VBrun_injectE2_VBrun_scale_microbench_300_2026-02-11T064352Z_seed20260211_20260211_173407Z
VB-003,3,E1,SKIP_EVENT,3,AgentSkip,VBrun_injectE2_VBrun_scale_microbench_300_2026-02-11T064352Z_seed20260211_20260211_173407Z
VB-004,3,E1,SKIP_EVENT,3,AgentSkip,VBrun_injectE2_VBrun_scale_microbench_300_2026-02-11T064352Z_seed20260211_20260211_173407Z
VB-005,3,E1,SKIP_EVENT,3,AgentSkip,VBrun_injectE2_VBrun_scale_microbench_300_2026-02-11T064352Z_seed20260211_20260211_173407Z
VB-006,3,E1,SKIP_EVENT,3,AgentSkip,VBrun_injectE2_VBrun_scale_microbench_300_2026-02-11T064352Z_seed20260211_20260211_173407Z
VB-007,3,E1,SKIP_EVENT,3,AgentSkip,VBrun_injectE2_VBrun_scale_microbench_300_2026-02-11T064352Z_seed20260211_20260211_173407Z
VB-009,3,E1,SKIP_EVENT,3,AgentSkip,VBrun_injectE2_VBrun_scale_microbench_300_2026-02-11T064352Z_seed20260211_20260211_173407Z
VB-010,3,E1,SKIP_EVENT,3,AgentSkip,VBrun_injectE2_VBrun_scale_microbench_300_2026-02-11T064352Z_seed20260211_20260211_173407Z
VB-011,3,E1,SKIP_EVENT,3,AgentSkip,VBrun_injectE2_VBrun_scale_microbench_300_2026-02-11T064352Z_seed20260211_20260211_173407Z
VB-012,3,E1,SKIP_EVENT,3,AgentSkip,VBrun_injectE2_VBrun_scale_microbench_300_2026-02-11T064352Z_seed20260211_20260211_173407Z
VB-013,3,E1,SKIP_EVENT,3,AgentSkip,VBrun_injectE2_VBrun_scale_microbench_300_2026-02-11T064352Z_seed20260211_20260211_173407Z
VB-014,3,E1,SKIP_EVENT,3,AgentSkip,VBrun_injectE2_VBrun_scale_microbench_300_2026-02-11T064352Z_seed20260211_20260211_173407Z
VB-016,3,E1,SKIP_EVENT,3,AgentSkip,VBrun_injectE2_VBrun_scale_microbench_300_2026-02-11T064352Z_seed20260211_20260211_173407Z
VB-017,3,E1,SKIP_EVENT,3,AgentSkip,VBrun_injectE2_VBrun_scale_microbench_300_2026-02-11T064352Z_seed20260211_20260211_173407Z
VB-018,3,E1,SKIP_EVENT,3,AgentSkip,VBrun_injectE2_VBrun_scale_microbench_300_2026-02-11T064352Z_seed20260211_20260211_173407Z
VB-019,3,E1,SKIP_EVENT,3,AgentSkip,VBrun_injectE2_VBrun_scale_microbench_300_2026-02-11T064352Z_seed20260211_20260211_173407Z
VB-020,3,E1,SKIP_EVENT,3,AgentSkip,VBrun_injectE2_VBrun_scale_microbench_300_2026-02-11T064352Z_seed20260211_20260211_173407Z
VB-021,3,E1,SKIP_EVENT,3,AgentSkip,VBrun_injectE2_VBrun_scale_microbench_300_2026-02-11T064352Z_seed20260211_20260211_173407Z
VB-023,3,E1,SKIP_EVENT,3,AgentSkip,VBrun_injectE2_VBrun_scale_microbench_300_2026-02-11T064352Z_seed20260211_20260211_173407Z
VB-024,3,E1,SKIP_EVENT,3,AgentSkip,VBrun_injectE2_VBrun_scale_microbench_300_2026-02-11T064352Z_seed20260211_20260211_173407Z
VB-025,3,E1,SKIP_EVENT,3,AgentSkip,VBrun_injectE2_VBrun_scale_microbench_300_2026-02-11T064352Z_seed20260211_20260211_173407Z
VB-026,3,E1,SKIP_EVENT,3,AgentSkip,VBrun_injectE2_VBrun_scale_microbench_300_2026-02-11T064352Z_seed20260211_20260211_173407Z
VB-027,3,E1,SKIP_EVENT,3,AgentSkip,VBrun_injectE2_VBrun_scale_microbench_300_2026-02-11T064352Z_seed20260211_20260211_173407Z
VB-028,3,E1,SKIP_EVENT,3,AgentSkip,VBrun_injectE2_VBrun_scale_microbench_300_2026-02-11T064352Z_seed20260211_20260211_173407Z
VB-030,3,E1,SKIP_EVENT,3,AgentSkip,VBrun_injectE2_VBrun_scale_microbench_300_2026-02-11T064352Z_seed20260211_20260211_173407Z
VB-031,3,E1,SKIP_EVENT,3,AgentSkip,VBrun_injectE2_VBrun_scale_microbench_300_2026-02-11T064352Z_seed20260211_20260211_173407Z
VB-032,3,E1,SKIP_EVENT,3,AgentSkip,VBrun_injectE2_VBrun_scale_microbench_300_2026-02-11T064352Z_seed20260211_20260211_173407Z
VB-033,3,E1,SKIP_EVENT,3,AgentSkip,VBrun_injectE2_VBrun_scale_microbench_300_2026-02-11T064352Z_seed20260211_20260211_173407Z
VB-034,3,E1,SKIP_EVENT,3,AgentSkip,VBrun_injectE2_VBrun_scale_microbench_300_2026-02-11T064352Z_seed20260211_20260211_173407Z
VB-035,3,E1,SKIP_EVENT,3,AgentSkip,VBrun_injectE2_VBrun_scale_microbench_300_2026-02-11T064352Z_seed20260211_20260211_173407Z
VB-037,3,E1,SKIP_EVENT,3,AgentSkip,VBrun_injectE2_VBrun_scale_microbench_300_2026-02-11T064352Z_seed20260211_20260211_173407Z
VB-038,3,E1,SKIP_EVENT,3,AgentSkip,VBrun_injectE2_VBrun_scale_microbench_300_2026-02-11T064352Z_seed20260211_20260211_173407Z
VB-039,3,E1,SKIP_EVENT,3,AgentSkip,VBrun_injectE2_VBrun_scale_microbench_300_2026-02-11T064352Z_seed20260211_20260211_173407Z
VB-040,3,E1,SKIP_EVENT,3,AgentSkip,VBrun_injectE2_VBrun_scale_microbench_300_2026-02-11T064352Z_seed20260211_20260211_173407Z
VB-041,3,E1,SKIP_EVENT,3,AgentSkip,VBrun_injectE2_VBrun_scale_microbench_300_2026-02-11T064352Z_seed20260211_20260211_173407Z
VB-042,3,E1,SKIP_EVENT,3,AgentSkip,VBrun_injectE2_VBrun_scale_microbench_300_2026-02-11T064352Z_seed20260211_20260211_173407Z
VB-044,3,E1,SKIP_EVENT,3,AgentSkip,VBrun_injectE2_VBrun_scale_microbench_300_2026-02-11T064352Z_seed20260211_20260211_173407Z
VB-045,3,E1,SKIP_EVENT,3,AgentSkip,VBrun_injectE2_VBrun_scale_microbench_300_2026-02-11T064352Z_seed20260211_20260211_173407Z
VB-046,3,E1,SKIP_EVENT,3,AgentSkip,VBrun_injectE2_VBrun_scale_microbench_300_2026-02-11T064352Z_seed20260211_20260211_173407Z
VB-047,3,E1,SKIP_EVENT,3,AgentSkip,VBrun_injectE2_VBrun_scale_microbench_300_2026-02-11T064352Z_seed20260211_20260211_173407Z
VB-048,3,E1,SKIP_EVENT,3,AgentSkip,VBrun_injectE2_VBrun_scale_microbench_300_2026-02-11T064352Z_seed20260211_20260211_173407Z
VB-049,3,E1,SKIP_EVENT,3,AgentSkip,VBrun_injectE2_VBrun_scale_microbench_300_2026-02-11T064352Z_seed20260211_20260211_173407Z
VB-051,3,E1,SKIP_EVENT,3,AgentSkip,VBrun_injectE2_VBrun_scale_microbench_300_2026-02-11T064352Z_seed20260211_20260211_173407Z
VB-052,3,E1,SKIP_EVENT,3,AgentSkip,VBrun_injectE2_VBrun_scale_microbench_300_2026-02-11T064352Z_seed20260211_20260211_173407Z
VB-053,3,E1,SKIP_EVENT,3,AgentSkip,VBrun_injectE2_VBrun_scale_microbench_300_2026-02-11T064352Z_seed20260211_20260211_173407Z
VB-054,3,E1,SKIP_EVENT,3,AgentSkip,VBrun_injectE2_VBrun_scale_microbench_300_2026-02-11T064352Z_seed20260211_20260211_173407Z
VB-055,3,E1,SKIP_EVENT,3,AgentSkip,VBrun_injectE2_VBrun_scale_microbench_300_2026-02-11T064352Z_seed20260211_20260211_173407Z
VB-056,3,E1,SKIP_EVENT,3,AgentSkip,VBrun_injectE2_VBrun_scale_microbench_300_2026-02-11T064352Z_seed20260211_20260211_173407Z
VB-058,3,E1,SKIP_EVENT,3,AgentSkip,VBrun_injectE2_VBrun_scale_microbench_300_2026-02-11T064352Z_seed20260211_20260211_173407Z
VB-059,3,E1,SKIP_EVENT,3,AgentSkip,VBrun_injectE2_VBrun_scale_microbench_300_2026-02-11T064352Z_seed20260211_20260211_173407Z
VB-060,3,E1,SKIP_EVENT,3,AgentSkip,VBrun_injectE2_VBrun_scale_microbench_300_2026-02-11T064352Z_seed20260211_20260211_173407Z
VB-061,3,E1,SKIP_EVENT,3,AgentSkip,VBrun_injectE2_VBrun_scale_microbench_300_2026-02-11T064352Z_seed20260211_20260211_173407Z
VB-062,3,E1,SKIP_EVENT,3,AgentSkip,VBrun_injectE2_VBrun_scale_microbench_300_2026-02-11T064352Z_seed20260211_20260211_173407Z
VB-063,3,E1,SKIP_EVENT,3,AgentSkip,VBrun_injectE2_VBrun_scale_microbench_300_2026-02-11T064352Z_seed20260211_20260211_173407Z
VB-065,3,E1,SKIP_EVENT,3,AgentSkip,VBrun_injectE2_VBrun_scale_microbench_300_2026-02-11T064352Z_seed20260211_20260211_173407Z
VB-066,3,E1,SKIP_EVENT,3,AgentSkip,VBrun_injectE2_VBrun_scale_microbench_300_2026-02-11T064352Z_seed20260211_20260211_173407Z
VB-067,3,E1,SKIP_EVENT,3,AgentSkip,VBrun_injectE2_VBrun_scale_microbench_300_2026-02-11T064352Z_seed20260211_20260211_173407Z
VB-068,3,E1,SKIP_EVENT,3,AgentSkip,VBrun_injectE2_VBrun_scale_microbench_300_2026-02-11T064352Z_seed20260211_20260211_173407Z
VB-069,3,E1,SKIP_EVENT,3,AgentSkip,VBrun_injectE2_VBrun_scale_microbench_300_2026-02-11T064352Z_seed20260211_20260211_173407Z
VB-070,3,E1,SKIP_EVENT,3,AgentSkip,VBrun_injectE2_VBrun_scale_microbench_300_2026-02-11T064352Z_seed20260211_20260211_173407Z
VB-072,3,E1,SKIP_EVENT,3,AgentSkip,VBrun_injectE2_VBrun_scale_microbench_300_2026-02-11T064352Z_seed20260211_20260211_173407Z
VB-073,3,E1,SKIP_EVENT,3,AgentSkip,VBrun_injectE2_VBrun_scale_microbench_300_2026-02-11T064352Z_seed20260211_20260211_173407Z
VB-074,3,E1,SKIP_EVENT,3,AgentSkip,VBrun_injectE2_VBrun_scale_microbench_300_2026-02-11T064352Z_seed20260211_20260211_173407Z
VB-075,3,E1,SKIP_EVENT,3,AgentSkip,VBrun_injectE2_VBrun_scale_microbench_300_2026-02-11T064352Z_seed20260211_20260211_173407Z
VB-076,3,E1,SKIP_EVENT,3,AgentSkip,VBrun_injectE2_VBrun_scale_microbench_300_2026-02-11T064352Z_seed20260211_20260211_173407Z
VB-077,3,E1,SKIP_EVENT,3,AgentSkip,VBrun_injectE2_VBrun_scale_microbench_300_2026-02-11T064352Z_seed20260211_20260211_173407Z
VB-079,3,E1,SKIP_EVENT,3,AgentSkip,VBrun_injectE2_VBrun_scale_microbench_300_2026-02-11T064352Z_seed20260211_20260211_173407Z
VB-080,3,E1,SKIP_EVENT,3,AgentSkip,VBrun_injectE2_VBrun_scale_microbench_300_2026-02-11T064352Z_seed20260211_20260211_173407Z
VB-081,3,E1,SKIP_EVENT,3,AgentSkip,VBrun_injectE2_VBrun_scale_microbench_300_2026-02-11T064352Z_seed20260211_20260211_173407Z
VB-082,3,E1,SKIP_EVENT,3,AgentSkip,VBrun_injectE2_VBrun_scale_microbench_300_2026-02-11T064352Z_seed20260211_20260211_173407Z
VB-083,3,E1,SKIP_EVENT,3,AgentSkip,VBrun_injectE2_VBrun_scale_microbench_300_2026-02-11T064352Z_seed20260211_20260211_173407Z
VB-084,3,E1,SKIP_EVENT,3,AgentSkip,VBrun_injectE2_VBrun_scale_microbench_300_2026-02-11T064352Z_seed20260211_20260211_173407Z
VB-086,3,E1,SKIP_EVENT,3,AgentSkip,VBrun_injectE2_VBrun_scale_microbench_300_2026-02-11T064352Z_seed20260211_20260211_173407Z
VB-087,3,E1,SKIP_EVENT,3,AgentSkip,VBrun_injectE2_VBrun_scale_microbench_300_2026-02-11T064352Z_seed20260211_20260211_173407Z
VB-088,3,E1,SKIP_EVENT,3,AgentSkip,VBrun_injectE2_VBrun_scale_microbench_300_2026-02-11T064352Z_seed20260211_20260211_173407Z
VB-089,3,E1,SKIP_EVENT,3,AgentSkip,VBrun_injectE2_VBrun_scale_microbench_300_2026-02-11T064352Z_seed20260211_20260211_173407Z
VB-090,3,E1,SKIP_EVENT,3,AgentSkip,VBrun_injectE2_VBrun_scale_microbench_300_2026-02-11T064352Z_seed20260211_20260211_173407Z
VB-091,3,E1,SKIP_EVENT,3,AgentSkip,VBrun_injectE2_VBrun_scale_microbench_300_2026-02-11T064352Z_seed20260211_20260211_173407Z
VB-093,3,E1,SKIP_EVENT,3,AgentSkip,VBrun_injectE2_VBrun_scale_microbench_300_2026-02-11T064352Z_seed20260211_20260211_173407Z
VB-094,3,E1,SKIP_EVENT,3,AgentSkip,VBrun_injectE2_VBrun_scale_microbench_300_2026-02-11T064352Z_seed20260211_20260211_173407Z
VB-095,3,E1,SKIP_EVENT,3,AgentSkip,VBrun_injectE2_VBrun_scale_microbench_300_2026-02-11T064352Z_seed20260211_20260211_173407Z
VB-096,3,E1,SKIP_EVENT,3,AgentSkip,VBrun_injectE2_VBrun_scale_microbench_300_2026-02-11T064352Z_seed20260211_20260211_173407Z
VB-097,3,E1,SKIP_EVENT,3,AgentSkip,VBrun_injectE2_VBrun_scale_microbench_300_2026-02-11T064352Z_seed20260211_20260211_173407Z
VB-098,3,E1,SKIP_EVENT,3,AgentSkip,VBrun_injectE2_VBrun_scale_microbench_300_2026-02-11T064352Z_seed20260211_20260211_173407Z
VB-100,3,E1,SKIP_EVENT,3,AgentSkip,VBrun_injectE2_VBrun_scale_microbench_300_2026-02-11T064352Z_seed20260211_20260211_173407Z
VB-101,3,E1,SKIP_EVENT,3,AgentSkip,VBrun_injectE2_VBrun_scale_microbench_300_2026-02-11T064352Z_seed20260211_20260211_173407Z
VB-102,3,E1,SKIP_EVENT,3,AgentSkip,VBrun_injectE2_VBrun_scale_microbench_300_2026-02-11T064352Z_seed20260211_20260211_173407Z
VB-103,3,E1,SKIP_EVENT,3,AgentSkip,VBrun_injectE2_VBrun_scale_microbench_300_2026-02-11T064352Z_seed20260211_20260211_173407Z
VB-104,3,E1,SKIP_EVENT,3,AgentSkip,VBrun_injectE2_VBrun_scale_microbench_300_2026-02-11T064352Z_seed20260211_20260211_173407Z
VB-105,3,E1,SKIP_EVENT,3,AgentSkip,VBrun_injectE2_VBrun_scale_microbench_300_2026-02-11T064352Z_seed20260211_20260211_173407Z
VB-107,3,E1,SKIP_EVENT,3,AgentSkip,VBrun_injectE2_VBrun_scale_microbench_300_2026-02-11T064352Z_seed20260211_20260211_173407Z
VB-108,3,E1,SKIP_EVENT,3,AgentSkip,VBrun_injectE2_VBrun_scale_microbench_300_2026-02-11T064352Z_seed20260211_20260211_173407Z
VB-109,3,E1,SKIP_EVENT,3,AgentSkip,VBrun_injectE2_VBrun_scale_microbench_300_2026-02-11T064352Z_seed20260211_20260211_173407Z
VB-110,3,E1,SKIP_EVENT,3,AgentSkip,VBrun_injectE2_VBrun_scale_microbench_300_2026-02-11T064352Z_seed20260211_20260211_173407Z
VB-111,3,E1,SKIP_EVENT,3,AgentSkip,VBrun_injectE2_VBrun_scale_microbench_300_2026-02-11T064352Z_seed20260211_20260211_173407Z
VB-112,3,E1,SKIP_EVENT,3,AgentSkip,VBrun_injectE2_VBrun_scale_microbench_300_2026-02-11T064352Z_seed20260211_20260211_173407Z
VB-114,3,E1,SKIP_EVENT,3,AgentSkip,VBrun_injectE2_VBrun_scale_microbench_300_2026-02-11T064352Z_seed20260211_20260211_173407Z
VB-115,3,E1,SKIP_EVENT,3,AgentSkip,VBrun_injectE2_VBrun_scale_microbench_300_2026-02-11T064352Z_seed20260211_20260211_173407Z
VB-116,3,E1,SKIP_EVENT,3,AgentSkip,VBrun_injectE2_VBrun_scale_microbench_300_2026-02-11T064352Z_seed20260211_20260211_173407Z
VB-117,3,E1,SKIP_EVENT,3,AgentSkip,VBrun_injectE2_VBrun_scale_microbench_300_2026-02-11T064352Z_seed20260211_20260211_173407Z
VB-118,3,E1,SKIP_EVENT,3,AgentSkip,VBrun_injectE2_VBrun_scale_microbench_300_2026-02-11T064352Z_seed20260211_20260211_173407Z
VB-119,3,E1,SKIP_EVENT,3,AgentSkip,VBrun_injectE2_VBrun_scale_microbench_300_2026-02-11T064352Z_seed20260211_20260211_173407Z
VB-121,3,E1,SKIP_EVENT,3,AgentSkip,VBrun_injectE2_VBrun_scale_microbench_300_2026-02-11T064352Z_seed20260211_20260211_173407Z
VB-122,3,E1,SKIP_EVENT,3,AgentSkip,VBrun_injectE2_VBrun_scale_microbench_300_2026-02-11T064352Z_seed20260211_20260211_173407Z
VB-123,3,E1,SKIP_EVENT,3,AgentSkip,VBrun_injectE2_VBrun_scale_microbench_300_2026-02-11T064352Z_seed20260211_20260211_173407Z
VB-124,3,E1,SKIP_EVENT,3,AgentSkip,VBrun_injectE2_VBrun_scale_microbench_300_2026-02-11T064352Z_seed20260211_20260211_173407Z
VB-125,3,E1,SKIP_EVENT,3,AgentSkip,VBrun_injectE2_VBrun_scale_microbench_300_2026-02-11T064352Z_seed20260211_20260211_173407Z
VB-126,3,E1,SKIP_EVENT,3,AgentSkip,VBrun_injectE2_VBrun_scale_microbench_300_2026-02-11T064352Z_seed20260211_20260211_173407Z
VB-128,3,E1,SKIP_EVENT,3,AgentSkip,VBrun_injectE2_VBrun_scale_microbench_300_2026-02-11T064352Z_seed20260211_20260211_173407Z
VB-129,3,E1,SKIP_EVENT,3,AgentSkip,VBrun_injectE2_VBrun_scale_microbench_300_2026-02-11T064352Z_seed20260211_20260211_173407Z
VB-130,3,E1,SKIP_EVENT,3,AgentSkip,VBrun_injectE2_VBrun_scale_microbench_300_2026-02-11T064352Z_seed20260211_20260211_173407Z
VB-131,3,E1,SKIP_EVENT,3,AgentSkip,VBrun_injectE2_VBrun_scale_microbench_300_2026-02-11T064352Z_seed20260211_20260211_173407Z
VB-132,3,E1,SKIP_EVENT,3,AgentSkip,VBrun_injectE2_VBrun_scale_microbench_300_2026-02-11T064352Z_seed20260211_20260211_173407Z
VB-133,3,E1,SKIP_EVENT,3,AgentSkip,VBrun_injectE2_VBrun_scale_microbench_300_2026-02-11T064352Z_seed20260211_20260211_173407Z
VB-135,3,E1,SKIP_EVENT,3,AgentSkip,VBrun_injectE2_VBrun_scale_microbench_300_2026-02-11T064352Z_seed20260211_20260211_173407Z
VB-136,3,E1,SKIP_EVENT,3,AgentSkip,VBrun_injectE2_VBrun_scale_microbench_300_2026-02-11T064352Z_seed20260211_20260211_173407Z
VB-137,3,E1,SKIP_EVENT,3,AgentSkip,VBrun_injectE2_VBrun_scale_microbench_300_2026-02-11T064352Z_seed20260211_20260211_173407Z
VB-138,3,E1,SKIP_EVENT,3,AgentSkip,VBrun_injectE2_VBrun_scale_microbench_300_2026-02-11T064352Z_seed20260211_20260211_173407Z
VB-139,3,E1,SKIP_EVENT,3,AgentSkip,VBrun_injectE2_VBrun_scale_microbench_300_2026-02-11T064352Z_seed20260211_20260211_173407Z
VB-140,3,E1,SKIP_EVENT,3,AgentSkip,VBrun_injectE2_VBrun_scale_microbench_300_2026-02-11T064352Z_seed20260211_20260211_173407Z
VB-142,3,E1,SKIP_EVENT,3,AgentSkip,VBrun_injectE2_VBrun_scale_microbench_300_2026-02-11T064352Z_seed20260211_20260211_173407Z
VB-143,3,E1,SKIP_EVENT,3,AgentSkip,VBrun_injectE2_VBrun_scale_microbench_300_2026-02-11T064352Z_seed20260211_20260211_173407Z
VB-144,3,E1,SKIP_EVENT,3,AgentSkip,VBrun_injectE2_VBrun_scale_microbench_300_2026-02-11T064352Z_seed20260211_20260211_173407Z
VB-145,3,E1,SKIP_EVENT,3,AgentSkip,VBrun_injectE2_VBrun_scale_microbench_300_2026-02-11T064352Z_seed20260211_20260211_173407Z
VB-146,3,E1,SKIP_EVENT,3,AgentSkip,VBrun_injectE2_VBrun_scale_microbench_300_2026-02-11T064352Z_seed20260211_20260211_173407Z
VB-147,3,E1,SKIP_EVENT,3,AgentSkip,VBrun_injectE2_VBrun_scale_microbench_300_2026-02-11T064352Z_seed20260211_20260211_173407Z
VB-149,3,E1,SKIP_EVENT,3,AgentSkip,VBrun_injectE2_VBrun_scale_microbench_300_2026-02-11T064352Z_seed20260211_20260211_173407Z
VB-150,3,E1,SKIP_EVENT,3,AgentSkip,VBrun_injectE2_VBrun_scale_microbench_300_2026-02-11T064352Z_seed20260211_20260211_173407Z
VB-151,3,E1,SKIP_EVENT,3,AgentSkip,VBrun_injectE2_VBrun_scale_microbench_300_2026-02-11T064352Z_seed20260211_20260211_173407Z
VB-152,3,E1,SKIP_EVENT,3,AgentSkip,VBrun_injectE2_VBrun_scale_microbench_300_2026-02-11T064352Z_seed20260211_20260211_173407Z
VB-153,3,E1,SKIP_EVENT,3,AgentSkip,VBrun_injectE2_VBrun_scale_microbench_300_2026-02-11T064352Z_seed20260211_20260211_173407Z
VB-154,3,E1,SKIP_EVENT,3,AgentSkip,VBrun_injectE2_VBrun_scale_microbench_300_2026-02-11T064352Z_seed20260211_20260211_173407Z
VB-156,3,E1,SKIP_EVENT,3,AgentSkip,VBrun_injectE2_VBrun_scale_microbench_300_2026-02-11T064352Z_seed20260211_20260211_173407Z
VB-157,3,E1,SKIP_EVENT,3,AgentSkip,VBrun_injectE2_VBrun_scale_microbench_300_2026-02-11T064352Z_seed20260211_20260211_173407Z
VB-158,3,E1,SKIP_EVENT,3,AgentSkip,VBrun_injectE2_VBrun_scale_microbench_300_2026-02-11T064352Z_seed20260211_20260211_173407Z
VB-159,3,E1,SKIP_EVENT,3,AgentSkip,VBrun_injectE2_VBrun_scale_microbench_300_2026-02-11T064352Z_seed20260211_20260211_173407Z
VB-160,3,E1,SKIP_EVENT,3,AgentSkip,VBrun_injectE2_VBrun_scale_microbench_300_2026-02-11T064352Z_seed20260211_20260211_173407Z
VB-161,3,E1,SKIP_EVENT,3,AgentSkip,VBrun_injectE2_VBrun_scale_microbench_300_2026-02-11T064352Z_seed20260211_20260211_173407Z
VB-163,3,E1,SKIP_EVENT,3,AgentSkip,VBrun_injectE2_VBrun_scale_microbench_300_2026-02-11T064352Z_seed20260211_20260211_173407Z
VB-164,3,E1,SKIP_EVENT,3,AgentSkip,VBrun_injectE2_VBrun_scale_microbench_300_2026-02-11T064352Z_seed20260211_20260211_173407Z
VB-165,3,E1,SKIP_EVENT,3,AgentSkip,VBrun_injectE2_VBrun_scale_microbench_300_2026-02-11T064352Z_seed20260211_20260211_173407Z
VB-166,3,E1,SKIP_EVENT,3,AgentSkip,VBrun_injectE2_VBrun_scale_microbench_300_2026-02-11T064352Z_seed20260211_20260211_173407Z
VB-167,3,E1,SKIP_EVENT,3,AgentSkip,VBrun_injectE2_VBrun_scale_microbench_300_2026-02-11T064352Z_seed20260211_20260211_173407Z
VB-168,3,E1,SKIP_EVENT,3,AgentSkip,VBrun_injectE2_VBrun_scale_microbench_300_2026-02-11T064352Z_seed20260211_20260211_173407Z
VB-170,3,E1,SKIP_EVENT,3,AgentSkip,VBrun_injectE2_VBrun_scale_microbench_300_2026-02-11T064352Z_seed20260211_20260211_173407Z
VB-171,3,E1,SKIP_EVENT,3,AgentSkip,VBrun_injectE2_VBrun_scale_microbench_300_2026-02-11T064352Z_seed20260211_20260211_173407Z
VB-172,3,E1,SKIP_EVENT,3,AgentSkip,VBrun_injectE2_VBrun_scale_microbench_300_2026-02-11T064352Z_seed20260211_20260211_173407Z
VB-173,3,E1,SKIP_EVENT,3,AgentSkip,VBrun_injectE2_VBrun_scale_microbench_300_2026-02-11T064352Z_seed20260211_20260211_173407Z
VB-174,3,E1,SKIP_EVENT,3,AgentSkip,VBrun_injectE2_VBrun_scale_microbench_300_2026-02-11T064352Z_seed20260211_20260211_173407Z
VB-175,3,E1,SKIP_EVENT,3,AgentSkip,VBrun_injectE2_VBrun_scale_microbench_300_2026-02-11T064352Z_seed20260211_20260211_173407Z
VB-177,3,E1,SKIP_EVENT,3,AgentSkip,VBrun_injectE2_VBrun_scale_microbench_300_2026-02-11T064352Z_seed20260211_20260211_173407Z
VB-178,3,E1,SKIP_EVENT,3,AgentSkip,VBrun_injectE2_VBrun_scale_microbench_300_2026-02-11T064352Z_seed20260211_20260211_173407Z
VB-179,3,E1,SKIP_EVENT,3,AgentSkip,VBrun_injectE2_VBrun_scale_microbench_300_2026-02-11T064352Z_seed20260211_20260211_173407Z
VB-180,3,E1,SKIP_EVENT,3,AgentSkip,VBrun_injectE2_VBrun_scale_microbench_300_2026-02-11T064352Z_seed20260211_20260211_173407Z
VB-181,3,E1,SKIP_EVENT,3,AgentSkip,VBrun_injectE2_VBrun_scale_microbench_300_2026-02-11T064352Z_seed20260211_20260211_173407Z
VB-182,3,E1,SKIP_EVENT,3,AgentSkip,VBrun_injectE2_VBrun_scale_microbench_300_2026-02-11T064352Z_seed20260211_20260211_173407Z
VB-184,3,E1,SKIP_EVENT,3,AgentSkip,VBrun_injectE2_VBrun_scale_microbench_300_2026-02-11T064352Z_seed20260211_20260211_173407Z
VB-185,3,E1,SKIP_EVENT,3,AgentSkip,VBrun_injectE2_VBrun_scale_microbench_300_2026-02-11T064352Z_seed20260211_20260211_173407Z
VB-186,3,E1,SKIP_EVENT,3,AgentSkip,VBrun_injectE2_VBrun_scale_microbench_300_2026-02-11T064352Z_seed20260211_20260211_173407Z
VB-187,3,E1,SKIP_EVENT,3,AgentSkip,VBrun_injectE2_VBrun_scale_microbench_300_2026-02-11T064352Z_seed20260211_20260211_173407Z
VB-188,3,E1,SKIP_EVENT,3,AgentSkip,VBrun_injectE2_VBrun_scale_microbench_300_2026-02-11T064352Z_seed20260211_20260211_173407Z
VB-189,3,E1,SKIP_EVENT,3,AgentSkip,VBrun_injectE2_VBrun_scale_microbench_300_2026-02-11T064352Z_seed20260211_20260211_173407Z
VB-191,3,E1,SKIP_EVENT,3,AgentSkip,VBrun_injectE2_VBrun_scale_microbench_300_2026-02-11T064352Z_seed20260211_20260211_173407Z
VB-192,3,E1,SKIP_EVENT,3,AgentSkip,VBrun_injectE2_VBrun_scale_microbench_300_2026-02-11T064352Z_seed20260211_20260211_173407Z
VB-193,3,E1,SKIP_EVENT,3,AgentSkip,VBrun_injectE2_VBrun_scale_microbench_300_2026-02-11T064352Z_seed20260211_20260211_173407Z
VB-194,3,E1,SKIP_EVENT,3,AgentSkip,VBrun_injectE2_VBrun_scale_microbench_300_2026-02-11T064352Z_seed20260211_20260211_173407Z
VB-195,3,E1,SKIP_EVENT,3,AgentSkip,VBrun_injectE2_VBrun_scale_microbench_300_2026-02-11T064352Z_seed20260211_20260211_173407Z
VB-196,3,E1,SKIP_EVENT,3,AgentSkip,VBrun_injectE2_VBrun_scale_microbench_300_2026-02-11T064352Z_seed20260211_20260211_173407Z
VB-198,3,E1,SKIP_EVENT,3,AgentSkip,VBrun_injectE2_VBrun_scale_microbench_300_2026-02-11T064352Z_seed20260211_20260211_173407Z
VB-199,3,E1,SKIP_EVENT,3,AgentSkip,VBrun_injectE2_VBrun_scale_microbench_300_2026-02-11T064352Z_seed20260211_20260211_173407Z
VB-200,3,E1,SKIP_EVENT,3,AgentSkip,VBrun_injectE2_VBrun_scale_microbench_300_2026-02-11T064352Z_seed20260211_20260211_173407Z
VB-201,3,E1,SKIP_EVENT,3,AgentSkip,VBrun_injectE2_VBrun_scale_microbench_300_2026-02-11T064352Z_seed20260211_20260211_173407Z
VB-202,3,E1,SKIP_EVENT,3,AgentSkip,VBrun_injectE2_VBrun_scale_microbench_300_2026-02-11T064352Z_seed20260211_20260211_173407Z
VB-203,3,E1,SKIP_EVENT,3,AgentSkip,VBrun_injectE2_VBrun_scale_microbench_300_2026-02-11T064352Z_seed20260211_20260211_173407Z
VB-205,3,E1,SKIP_EVENT,3,AgentSkip,VBrun_injectE2_VBrun_scale_microbench_300_2026-02-11T064352Z_seed20260211_20260211_173407Z
VB-206,3,E1,SKIP_EVENT,3,AgentSkip,VBrun_injectE2_VBrun_scale_microbench_300_2026-02-11T064352Z_seed20260211_20260211_173407Z
VB-207,3,E1,SKIP_EVENT,3,AgentSkip,VBrun_injectE2_VBrun_scale_microbench_300_2026-02-11T064352Z_seed20260211_20260211_173407Z
VB-208,3,E1,SKIP_EVENT,3,AgentSkip,VBrun_injectE2_VBrun_scale_microbench_300_2026-02-11T064352Z_seed20260211_20260211_173407Z
VB-209,3,E1,SKIP_EVENT,3,AgentSkip,VBrun_injectE2_VBrun_scale_microbench_300_2026-02-11T064352Z_seed20260211_20260211_173407Z
VB-210,3,E1,SKIP_EVENT,3,AgentSkip,VBrun_injectE2_VBrun_scale_microbench_300_2026-02-11T064352Z_seed20260211_20260211_173407Z
VB-212,3,E1,SKIP_EVENT,3,AgentSkip,VBrun_injectE2_VBrun_scale_microbench_300_2026-02-11T064352Z_seed20260211_20260211_173407Z
VB-213,3,E1,SKIP_EVENT,3,AgentSkip,VBrun_injectE2_VBrun_scale_microbench_300_2026-02-11T064352Z_seed20260211_20260211_173407Z
VB-214,3,E1,SKIP_EVENT,3,AgentSkip,VBrun_injectE2_VBrun_scale_microbench_300_2026-02-11T064352Z_seed20260211_20260211_173407Z
VB-215,3,E1,SKIP_EVENT,3,AgentSkip,VBrun_injectE2_VBrun_scale_microbench_300_2026-02-11T064352Z_seed20260211_20260211_173407Z
VB-216,3,E1,SKIP_EVENT,3,AgentSkip,VBrun_injectE2_VBrun_scale_microbench_300_2026-02-11T064352Z_seed20260211_20260211_173407Z
VB-217,3,E1,SKIP_EVENT,3,AgentSkip,VBrun_injectE2_VBrun_scale_microbench_300_2026-02-11T064352Z_seed20260211_20260211_173407Z
VB-219,3,E1,SKIP_EVENT,3,AgentSkip,VBrun_injectE2_VBrun_scale_microbench_300_2026-02-11T064352Z_seed20260211_20260211_173407Z
VB-220,3,E1,SKIP_EVENT,3,AgentSkip,VBrun_injectE2_VBrun_scale_microbench_300_2026-02-11T064352Z_seed20260211_20260211_173407Z
VB-221,3,E1,SKIP_EVENT,3,AgentSkip,VBrun_injectE2_VBrun_scale_microbench_300_2026-02-11T064352Z_seed20260211_20260211_173407Z
VB-222,3,E1,SKIP_EVENT,3,AgentSkip,VBrun_injectE2_VBrun_scale_microbench_300_2026-02-11T064352Z_seed20260211_20260211_173407Z
VB-223,3,E1,SKIP_EVENT,3,AgentSkip,VBrun_injectE2_VBrun_scale_microbench_300_2026-02-11T064352Z_seed20260211_20260211_173407Z
VB-224,3,E1,SKIP_EVENT,3,AgentSkip,VBrun_injectE2_VBrun_scale_microbench_300_2026-02-11T064352Z_seed20260211_20260211_173407Z
VB-226,3,E1,SKIP_EVENT,3,AgentSkip,VBrun_injectE2_VBrun_scale_microbench_300_2026-02-11T064352Z_seed20260211_20260211_173407Z
VB-227,3,E1,SKIP_EVENT,3,AgentSkip,VBrun_injectE2_VBrun_scale_microbench_300_2026-02-11T064352Z_seed20260211_20260211_173407Z
VB-228,3,E1,SKIP_EVENT,3,AgentSkip,VBrun_injectE2_VBrun_scale_microbench_300_2026-02-11T064352Z_seed20260211_20260211_173407Z
VB-229,3,E1,SKIP_EVENT,3,AgentSkip,VBrun_injectE2_VBrun_scale_microbench_300_2026-02-11T064352Z_seed20260211_20260211_173407Z
VB-230,3,E1,SKIP_EVENT,3,AgentSkip,VBrun_injectE2_VBrun_scale_microbench_300_2026-02-11T064352Z_seed20260211_20260211_173407Z
VB-231,3,E1,SKIP_EVENT,3,AgentSkip,VBrun_injectE2_VBrun_scale_microbench_300_2026-02-11T064352Z_seed20260211_20260211_173407Z
VB-233,3,E1,SKIP_EVENT,3,AgentSkip,VBrun_injectE2_VBrun_scale_microbench_300_2026-02-11T064352Z_seed20260211_20260211_173407Z
VB-234,3,E1,SKIP_EVENT,3,AgentSkip,VBrun_injectE2_VBrun_scale_microbench_300_2026-02-11T064352Z_seed20260211_20260211_173407Z
VB-235,3,E1,SKIP_EVENT,3,AgentSkip,VBrun_injectE2_VBrun_scale_microbench_300_2026-02-11T064352Z_seed20260211_20260211_173407Z
VB-236,3,E1,SKIP_EVENT,3,AgentSkip,VBrun_injectE2_VBrun_scale_microbench_300_2026-02-11T064352Z_seed20260211_20260211_173407Z
VB-237,3,E1,SKIP_EVENT,3,AgentSkip,VBrun_injectE2_VBrun_scale_microbench_300_2026-02-11T064352Z_seed20260211_20260211_173407Z
VB-238,3,E1,SKIP_EVENT,3,AgentSkip,VBrun_injectE2_VBrun_scale_microbench_300_2026-02-11T064352Z_seed20260211_20260211_173407Z
VB-240,3,E1,SKIP_EVENT,3,AgentSkip,VBrun_injectE2_VBrun_scale_microbench_300_2026-02-11T064352Z_seed20260211_20260211_173407Z
VB-241,3,E1,SKIP_EVENT,3,AgentSkip,VBrun_injectE2_VBrun_scale_microbench_300_2026-02-11T064352Z_seed20260211_20260211_173407Z
VB-242,3,E1,SKIP_EVENT,3,AgentSkip,VBrun_injectE2_VBrun_scale_microbench_300_2026-02-11T064352Z_seed20260211_20260211_173407Z
VB-243,3,E1,SKIP_EVENT,3,AgentSkip,VBrun_injectE2_VBrun_scale_microbench_300_2026-02-11T064352Z_seed20260211_20260211_173407Z
VB-244,3,E1,SKIP_EVENT,3,AgentSkip,VBrun_injectE2_VBrun_scale_microbench_300_2026-02-11T064352Z_seed20260211_20260211_173407Z
VB-245,3,E1,SKIP_EVENT,3,AgentSkip,VBrun_injectE2_VBrun_scale_microbench_300_2026-02-11T064352Z_seed20260211_20260211_173407Z
VB-247,3,E1,SKIP_EVENT,3,AgentSkip,VBrun_injectE2_VBrun_scale_microbench_300_2026-02-11T064352Z_seed20260211_20260211_173407Z
VB-248,3,E1,SKIP_EVENT,3,AgentSkip,VBrun_injectE2_VBrun_scale_microbench_300_2026-02-11T064352Z_seed20260211_20260211_173407Z
VB-249,3,E1,SKIP_EVENT,3,AgentSkip,VBrun_injectE2_VBrun_scale_microbench_300_2026-02-11T064352Z_seed20260211_20260211_173407Z
VB-250,3,E1,SKIP_EVENT,3,AgentSkip,VBrun_injectE2_VBrun_scale_microbench_300_2026-02-11T064352Z_seed20260211_20260211_173407Z
VB-251,3,E1,SKIP_EVENT,3,AgentSkip,VBrun_injectE2_VBrun_scale_microbench_300_2026-02-11T064352Z_seed20260211_20260211_173407Z
VB-252,3,E1,SKIP_EVENT,3,AgentSkip,VBrun_injectE2_VBrun_scale_microbench_300_2026-02-11T064352Z_seed20260211_20260211_173407Z
VB-254,3,E1,SKIP_EVENT,3,AgentSkip,VBrun_injectE2_VBrun_scale_microbench_300_2026-02-11T064352Z_seed20260211_20260211_173407Z
VB-255,3,E1,SKIP_EVENT,3,AgentSkip,VBrun_injectE2_VBrun_scale_microbench_300_2026-02-11T064352Z_seed20260211_20260211_173407Z
VB-256,3,E1,SKIP_EVENT,3,AgentSkip,VBrun_injectE2_VBrun_scale_microbench_300_2026-02-11T064352Z_seed20260211_20260211_173407Z
VB-257,3,E1,SKIP_EVENT,3,AgentSkip,VBrun_injectE2_VBrun_scale_microbench_300_2026-02-11T064352Z_seed20260211_20260211_173407Z
VB-258,3,E1,SKIP_EVENT,3,AgentSkip,VBrun_injectE2_VBrun_scale_microbench_300_2026-02-11T064352Z_seed20260211_20260211_173407Z
VB-259,3,E1,SKIP_EVENT,3,AgentSkip,VBrun_injectE2_VBrun_scale_microbench_300_2026-02-11T064352Z_seed20260211_20260211_173407Z
VB-261,3,E1,SKIP_EVENT,3,AgentSkip,VBrun_injectE2_VBrun_scale_microbench_300_2026-02-11T064352Z_seed20260211_20260211_173407Z
VB-262,3,E1,SKIP_EVENT,3,AgentSkip,VBrun_injectE2_VBrun_scale_microbench_300_2026-02-11T064352Z_seed20260211_20260211_173407Z
VB-263,3,E1,SKIP_EVENT,3,AgentSkip,VBrun_injectE2_VBrun_scale_microbench_300_2026-02-11T064352Z_seed20260211_20260211_173407Z
VB-264,3,E1,SKIP_EVENT,3,AgentSkip,VBrun_injectE2_VBrun_scale_microbench_300_2026-02-11T064352Z_seed20260211_20260211_173407Z
VB-265,3,E1,SKIP_EVENT,3,AgentSkip,VBrun_injectE2_VBrun_scale_microbench_300_2026-02-11T064352Z_seed20260211_20260211_173407Z
VB-266,3,E1,SKIP_EVENT,3,AgentSkip,VBrun_injectE2_VBrun_scale_microbench_300_2026-02-11T064352Z_seed20260211_20260211_173407Z
VB-268,3,E1,SKIP_EVENT,3,AgentSkip,VBrun_injectE2_VBrun_scale_microbench_300_2026-02-11T064352Z_seed20260211_20260211_173407Z
VB-269,3,E1,SKIP_EVENT,3,AgentSkip,VBrun_injectE2_VBrun_scale_microbench_300_2026-02-11T064352Z_seed20260211_20260211_173407Z
VB-270,3,E1,SKIP_EVENT,3,AgentSkip,VBrun_injectE2_VBrun_scale_microbench_300_2026-02-11T064352Z_seed20260211_20260211_173407Z
VB-271,3,E1,SKIP_EVENT,3,AgentSkip,VBrun_injectE2_VBrun_scale_microbench_300_2026-02-11T064352Z_seed20260211_20260211_173407Z
VB-272,3,E1,SKIP_EVENT,3,AgentSkip,VBrun_injectE2_VBrun_scale_microbench_300_2026-02-11T064352Z_seed20260211_20260211_173407Z
VB-273,3,E1,SKIP_EVENT,3,AgentSkip,VBrun_injectE2_VBrun_scale_microbench_300_2026-02-11T064352Z_seed20260211_20260211_173407Z
VB-275,3,E1,SKIP_EVENT,3,AgentSkip,VBrun_injectE2_VBrun_scale_microbench_300_2026-02-11T064352Z_seed20260211_20260211_173407Z
VB-276,3,E1,SKIP_EVENT,3,AgentSkip,VBrun_injectE2_VBrun_scale_microbench_300_2026-02-11T064352Z_seed20260211_20260211_173407Z
VB-277,3,E1,SKIP_EVENT,3,AgentSkip,VBrun_injectE2_VBrun_scale_microbench_300_2026-02-11T064352Z_seed20260211_20260211_173407Z
VB-278,3,E1,SKIP_EVENT,3,AgentSkip,VBrun_injectE2_VBrun_scale_microbench_300_2026-02-11T064352Z_seed20260211_20260211_173407Z
VB-279,3,E1,SKIP_EVENT,3,AgentSkip,VBrun_injectE2_VBrun_scale_microbench_300_2026-02-11T064352Z_seed20260211_20260211_173407Z
VB-280,3,E1,SKIP_EVENT,3,AgentSkip,VBrun_injectE2_VBrun_scale_microbench_300_2026-02-11T064352Z_seed20260211_20260211_173407Z
VB-282,3,E1,SKIP_EVENT,3,AgentSkip,VBrun_injectE2_VBrun_scale_microbench_300_2026-02-11T064352Z_seed20260211_20260211_173407Z
VB-283,3,E1,SKIP_EVENT,3,AgentSkip,VBrun_injectE2_VBrun_scale_microbench_300_2026-02-11T064352Z_seed20260211_20260211_173407Z
VB-284,3,E1,SKIP_EVENT,3,AgentSkip,VBrun_injectE2_VBrun_scale_microbench_300_2026-02-11T064352Z_seed20260211_20260211_173407Z
VB-285,3,E1,SKIP_EVENT,3,AgentSkip,VBrun_injectE2_VBrun_scale_microbench_300_2026-02-11T064352Z_seed20260211_20260211_173407Z
VB-286,3,E1,SKIP_EVENT,3,AgentSkip,VBrun_injectE2_VBrun_scale_microbench_300_2026-02-11T064352Z_seed20260211_20260211_173407Z
VB-287,3,E1,SKIP_EVENT,3,AgentSkip,VBrun_injectE2_VBrun_scale_microbench_300_2026-02-11T064352Z_seed20260211_20260211_173407Z
VB-289,3,E1,SKIP_EVENT,3,AgentSkip,VBrun_injectE2_VBrun_scale_microbench_300_2026-02-11T064352Z_seed20260211_20260211_173407Z
VB-290,3,E1,SKIP_EVENT,3,AgentSkip,VBrun_injectE2_VBrun_scale_microbench_300_2026-02-11T064352Z_seed20260211_20260211_173407Z
VB-291,3,E1,SKIP_EVENT,3,AgentSkip,VBrun_injectE2_VBrun_scale_microbench_300_2026-02-11T064352Z_seed20260211_20260211_173407Z
VB-292,3,E1,SKIP_EVENT,3,AgentSkip,VBrun_injectE2_VBrun_scale_microbench_300_2026-02-11T064352Z_seed20260211_20260211_173407Z
VB-293,3,E1,SKIP_EVENT,3,AgentSkip,VBrun_injectE2_VBrun_scale_microbench_300_2026-02-11T064352Z_seed20260211_20260211_173407Z
VB-294,3,E1,SKIP_EVENT,3,AgentSkip,VBrun_injectE2_VBrun_scale_microbench_300_2026-02-11T064352Z_seed20260211_20260211_173407Z
VB-296,3,E1,SKIP_EVENT,3,AgentSkip,VBrun_injectE2_VBrun_scale_microbench_300_2026-02-11T064352Z_seed20260211_20260211_173407Z
VB-297,3,E1,SKIP_EVENT,3,AgentSkip,VBrun_injectE2_VBrun_scale_microbench_300_2026-02-11T064352Z_seed20260211_20260211_173407Z
VB-298,3,E1,SKIP_EVENT,3,AgentSkip,VBrun_injectE2_VBrun_scale_microbench_300_2026-02-11T064352Z_seed20260211_20260211_173407Z
VB-299,3,E1,SKIP_EVENT,3,AgentSkip,VBrun_injectE2_VBrun_scale_microbench_300_2026-02-11T064352Z_seed20260211_20260211_173407Z
VB-300,3,E1,SKIP_EVENT,3,AgentSkip,VBrun_injectE2_VBrun_scale_microbench_300_2026-02-11T064352Z_seed20260211_20260211_173407Z
VB-004,1,E2,WRONG_TOOL,1,AgentWrongTool,VBrun_injectE2_VBrun_scale_microbench_300_2026-02-11T064352Z_seed20260211_20260211_173407Z
VB-009,1,E2,WRONG_TOOL,1,AgentWrongTool,VBrun_injectE2_VBrun_scale_microbench_300_2026-02-11T064352Z_seed20260211_20260211_173407Z
VB-012,1,E2,WRONG_TOOL,1,AgentWrongTool,VBrun_injectE2_VBrun_scale_microbench_300_2026-02-11T064352Z_seed20260211_20260211_173407Z
VB-015,1,E2,WRONG_TOOL,1,AgentWrongTool,VBrun_injectE2_VBrun_scale_microbench_300_2026-02-11T064352Z_seed20260211_20260211_173407Z
VB-021,1,E2,WRONG_TOOL,1,AgentWrongTool,VBrun_injectE2_VBrun_scale_microbench_300_2026-02-11T064352Z_seed20260211_20260211_173407Z
VB-023,1,E2,WRONG_TOOL,1,AgentWrongTool,VBrun_injectE2_VBrun_scale_microbench_300_2026-02-11T064352Z_seed20260211_20260211_173407Z
VB-024,1,E2,WRONG_TOOL,1,AgentWrongTool,VBrun_injectE2_VBrun_scale_microbench_300_2026-02-11T064352Z_seed20260211_20260211_173407Z
VB-026,1,E2,WRONG_TOOL,1,AgentWrongTool,VBrun_injectE2_VBrun_scale_microbench_300_2026-02-11T064352Z_seed20260211_20260211_173407Z
VB-031,1,E2,WRONG_TOOL,1,AgentWrongTool,VBrun_injectE2_VBrun_scale_microbench_300_2026-02-11T064352Z_seed20260211_20260211_173407Z
VB-035,1,E2,WRONG_TOOL,1,AgentWrongTool,VBrun_injectE2_VBrun_scale_microbench_300_2026-02-11T064352Z_seed20260211_20260211_173407Z
VB-036,1,E2,WRONG_TOOL,1,AgentWrongTool,VBrun_injectE2_VBrun_scale_microbench_300_2026-02-11T064352Z_seed20260211_20260211_173407Z
VB-041,1,E2,WRONG_TOOL,1,AgentWrongTool,VBrun_injectE2_VBrun_scale_microbench_300_2026-02-11T064352Z_seed20260211_20260211_173407Z
VB-045,1,E2,WRONG_TOOL,1,AgentWrongTool,VBrun_injectE2_VBrun_scale_microbench_300_2026-02-11T064352Z_seed20260211_20260211_173407Z
VB-049,1,E2,WRONG_TOOL,1,AgentWrongTool,VBrun_injectE2_VBrun_scale_microbench_300_2026-02-11T064352Z_seed20260211_20260211_173407Z
VB-051,1,E2,WRONG_TOOL,1,AgentWrongTool,VBrun_injectE2_VBrun_scale_microbench_300_2026-02-11T064352Z_seed20260211_20260211_173407Z
VB-064,1,E2,WRONG_TOOL,1,AgentWrongTool,VBrun_injectE2_VBrun_scale_microbench_300_2026-02-11T064352Z_seed20260211_20260211_173407Z
VB-073,1,E2,WRONG_TOOL,1,AgentWrongTool,VBrun_injectE2_VBrun_scale_microbench_300_2026-02-11T064352Z_seed20260211_20260211_173407Z
VB-074,1,E2,WRONG_TOOL,1,AgentWrongTool,VBrun_injectE2_VBrun_scale_microbench_300_2026-02-11T064352Z_seed20260211_20260211_173407Z
VB-075,1,E2,WRONG_TOOL,1,AgentWrongTool,VBrun_injectE2_VBrun_scale_microbench_300_2026-02-11T064352Z_seed20260211_20260211_173407Z
VB-077,1,E2,WRONG_TOOL,1,AgentWrongTool,VBrun_injectE2_VBrun_scale_microbench_300_2026-02-11T064352Z_seed20260211_20260211_173407Z
VB-078,1,E2,WRONG_TOOL,1,AgentWrongTool,VBrun_injectE2_VBrun_scale_microbench_300_2026-02-11T064352Z_seed20260211_20260211_173407Z
VB-079,1,E2,WRONG_TOOL,1,AgentWrongTool,VBrun_injectE2_VBrun_scale_microbench_300_2026-02-11T064352Z_seed20260211_20260211_173407Z
VB-082,1,E2,WRONG_TOOL,1,AgentWrongTool,VBrun_injectE2_VBrun_scale_microbench_300_2026-02-11T064352Z_seed20260211_20260211_173407Z
VB-083,1,E2,WRONG_TOOL,1,AgentWrongTool,VBrun_injectE2_VBrun_scale_microbench_300_2026-02-11T064352Z_seed20260211_20260211_173407Z
VB-085,1,E2,WRONG_TOOL,1,AgentWrongTool,VBrun_injectE2_VBrun_scale_microbench_300_2026-02-11T064352Z_seed20260211_20260211_173407Z
VB-090,1,E2,WRONG_TOOL,1,AgentWrongTool,VBrun_injectE2_VBrun_scale_microbench_300_2026-02-11T064352Z_seed20260211_20260211_173407Z
VB-091,1,E2,WRONG_TOOL,1,AgentWrongTool,VBrun_injectE2_VBrun_scale_microbench_300_2026-02-11T064352Z_seed20260211_20260211_173407Z
VB-101,1,E2,WRONG_TOOL,1,AgentWrongTool,VBrun_injectE2_VBrun_scale_microbench_300_2026-02-11T064352Z_seed20260211_20260211_173407Z
VB-103,1,E2,WRONG_TOOL,1,AgentWrongTool,VBrun_injectE2_VBrun_scale_microbench_300_2026-02-11T064352Z_seed20260211_20260211_173407Z
VB-105,1,E2,WRONG_TOOL,1,AgentWrongTool,VBrun_injectE2_VBrun_scale_microbench_300_2026-02-11T064352Z_seed20260211_20260211_173407Z
VB-109,1,E2,WRONG_TOOL,1,AgentWrongTool,VBrun_injectE2_VBrun_scale_microbench_300_2026-02-11T064352Z_seed20260211_20260211_173407Z
VB-115,1,E2,WRONG_TOOL,1,AgentWrongTool,VBrun_injectE2_VBrun_scale_microbench_300_2026-02-11T064352Z_seed20260211_20260211_173407Z
VB-117,1,E2,WRONG_TOOL,1,AgentWrongTool,VBrun_injectE2_VBrun_scale_microbench_300_2026-02-11T064352Z_seed20260211_20260211_173407Z
VB-119,1,E2,WRONG_TOOL,1,AgentWrongTool,VBrun_injectE2_VBrun_scale_microbench_300_2026-02-11T064352Z_seed20260211_20260211_173407Z
VB-122,1,E2,WRONG_TOOL,1,AgentWrongTool,VBrun_injectE2_VBrun_scale_microbench_300_2026-02-11T064352Z_seed20260211_20260211_173407Z
VB-125,1,E2,WRONG_TOOL,1,AgentWrongTool,VBrun_injectE2_VBrun_scale_microbench_300_2026-02-11T064352Z_seed20260211_20260211_173407Z
VB-128,1,E2,WRONG_TOOL,1,AgentWrongTool,VBrun_injectE2_VBrun_scale_microbench_300_2026-02-11T064352Z_seed20260211_20260211_173407Z
VB-133,1,E2,WRONG_TOOL,1,AgentWrongTool,VBrun_injectE2_VBrun_scale_microbench_300_2026-02-11T064352Z_seed20260211_20260211_173407Z
VB-141,1,E2,WRONG_TOOL,1,AgentWrongTool,VBrun_injectE2_VBrun_scale_microbench_300_2026-02-11T064352Z_seed20260211_20260211_173407Z
VB-143,1,E2,WRONG_TOOL,1,AgentWrongTool,VBrun_injectE2_VBrun_scale_microbench_300_2026-02-11T064352Z_seed20260211_20260211_173407Z
VB-144,1,E2,WRONG_TOOL,1,AgentWrongTool,VBrun_injectE2_VBrun_scale_microbench_300_2026-02-11T064352Z_seed20260211_20260211_173407Z
VB-153,1,E2,WRONG_TOOL,1,AgentWrongTool,VBrun_injectE2_VBrun_scale_microbench_300_2026-02-11T064352Z_seed20260211_20260211_173407Z
VB-156,1,E2,WRONG_TOOL,1,AgentWrongTool,VBrun_injectE2_VBrun_scale_microbench_300_2026-02-11T064352Z_seed20260211_20260211_173407Z
VB-157,1,E2,WRONG_TOOL,1,AgentWrongTool,VBrun_injectE2_VBrun_scale_microbench_300_2026-02-11T064352Z_seed20260211_20260211_173407Z
VB-166,1,E2,WRONG_TOOL,1,AgentWrongTool,VBrun_injectE2_VBrun_scale_microbench_300_2026-02-11T064352Z_seed20260211_20260211_173407Z
VB-167,1,E2,WRONG_TOOL,1,AgentWrongTool,VBrun_injectE2_VBrun_scale_microbench_300_2026-02-11T064352Z_seed20260211_20260211_173407Z
VB-169,1,E2,WRONG_TOOL,1,AgentWrongTool,VBrun_injectE2_VBrun_scale_microbench_300_2026-02-11T064352Z_seed20260211_20260211_173407Z
VB-170,1,E2,WRONG_TOOL,1,AgentWrongTool,VBrun_injectE2_VBrun_scale_microbench_300_2026-02-11T064352Z_seed20260211_20260211_173407Z
VB-171,1,E2,WRONG_TOOL,1,AgentWrongTool,VBrun_injectE2_VBrun_scale_microbench_300_2026-02-11T064352Z_seed20260211_20260211_173407Z
VB-172,1,E2,WRONG_TOOL,1,AgentWrongTool,VBrun_injectE2_VBrun_scale_microbench_300_2026-02-11T064352Z_seed20260211_20260211_173407Z
VB-174,1,E2,WRONG_TOOL,1,AgentWrongTool,VBrun_injectE2_VBrun_scale_microbench_300_2026-02-11T064352Z_seed20260211_20260211_173407Z
VB-175,1,E2,WRONG_TOOL,1,AgentWrongTool,VBrun_injectE2_VBrun_scale_microbench_300_2026-02-11T064352Z_seed20260211_20260211_173407Z
VB-182,1,E2,WRONG_TOOL,1,AgentWrongTool,VBrun_injectE2_VBrun_scale_microbench_300_2026-02-11T064352Z_seed20260211_20260211_173407Z
VB-188,1,E2,WRONG_TOOL,1,AgentWrongTool,VBrun_injectE2_VBrun_scale_microbench_300_2026-02-11T064352Z_seed20260211_20260211_173407Z
VB-190,1,E2,WRONG_TOOL,1,AgentWrongTool,VBrun_injectE2_VBrun_scale_microbench_300_2026-02-11T064352Z_seed20260211_20260211_173407Z
VB-192,1,E2,WRONG_TOOL,1,AgentWrongTool,VBrun_injectE2_VBrun_scale_microbench_300_2026-02-11T064352Z_seed20260211_20260211_173407Z
VB-193,1,E2,WRONG_TOOL,1,AgentWrongTool,VBrun_injectE2_VBrun_scale_microbench_300_2026-02-11T064352Z_seed20260211_20260211_173407Z
VB-207,1,E2,WRONG_TOOL,1,AgentWrongTool,VBrun_injectE2_VBrun_scale_microbench_300_2026-02-11T064352Z_seed20260211_20260211_173407Z
VB-209,1,E2,WRONG_TOOL,1,AgentWrongTool,VBrun_injectE2_VBrun_scale_microbench_300_2026-02-11T064352Z_seed20260211_20260211_173407Z
VB-211,1,E2,WRONG_TOOL,1,AgentWrongTool,VBrun_injectE2_VBrun_scale_microbench_300_2026-02-11T064352Z_seed20260211_20260211_173407Z
VB-214,1,E2,WRONG_TOOL,1,AgentWrongTool,VBrun_injectE2_VBrun_scale_microbench_300_2026-02-11T064352Z_seed20260211_20260211_173407Z
VB-216,1,E2,WRONG_TOOL,1,AgentWrongTool,VBrun_injectE2_VBrun_scale_microbench_300_2026-02-11T064352Z_seed20260211_20260211_173407Z
VB-217,1,E2,WRONG_TOOL,1,AgentWrongTool,VBrun_injectE2_VBrun_scale_microbench_300_2026-02-11T064352Z_seed20260211_20260211_173407Z
VB-219,1,E2,WRONG_TOOL,1,AgentWrongTool,VBrun_injectE2_VBrun_scale_microbench_300_2026-02-11T064352Z_seed20260211_20260211_173407Z
VB-220,1,E2,WRONG_TOOL,1,AgentWrongTool,VBrun_injectE2_VBrun_scale_microbench_300_2026-02-11T064352Z_seed20260211_20260211_173407Z
VB-232,1,E2,WRONG_TOOL,1,AgentWrongTool,VBrun_injectE2_VBrun_scale_microbench_300_2026-02-11T064352Z_seed20260211_20260211_173407Z
VB-233,1,E2,WRONG_TOOL,1,AgentWrongTool,VBrun_injectE2_VBrun_scale_microbench_300_2026-02-11T064352Z_seed20260211_20260211_173407Z
VB-238,1,E2,WRONG_TOOL,1,AgentWrongTool,VBrun_injectE2_VBrun_scale_microbench_300_2026-02-11T064352Z_seed20260211_20260211_173407Z
VB-239,1,E2,WRONG_TOOL,1,AgentWrongTool,VBrun_injectE2_VBrun_scale_microbench_300_2026-02-11T064352Z_seed20260211_20260211_173407Z
VB-240,1,E2,WRONG_TOOL,1,AgentWrongTool,VBrun_injectE2_VBrun_scale_microbench_300_2026-02-11T064352Z_seed20260211_20260211_173407Z
VB-242,1,E2,WRONG_TOOL,1,AgentWrongTool,VBrun_injectE2_VBrun_scale_microbench_300_2026-02-11T064352Z_seed20260211_20260211_173407Z
VB-243,1,E2,WRONG_TOOL,1,AgentWrongTool,VBrun_injectE2_VBrun_scale_microbench_300_2026-02-11T064352Z_seed20260211_20260211_173407Z
VB-245,1,E2,WRONG_TOOL,1,AgentWrongTool,VBrun_injectE2_VBrun_scale_microbench_300_2026-02-11T064352Z_seed20260211_20260211_173407Z
VB-247,1,E2,WRONG_TOOL,1,AgentWrongTool,VBrun_injectE2_VBrun_scale_microbench_300_2026-02-11T064352Z_seed20260211_20260211_173407Z
VB-249,1,E2,WRONG_TOOL,1,AgentWrongTool,VBrun_injectE2_VBrun_scale_microbench_300_2026-02-11T064352Z_seed20260211_20260211_173407Z
VB-250,1,E2,WRONG_TOOL,1,AgentWrongTool,VBrun_injectE2_VBrun_scale_microbench_300_2026-02-11T064352Z_seed20260211_20260211_173407Z
VB-251,1,E2,WRONG_TOOL,1,AgentWrongTool,VBrun_injectE2_VBrun_scale_microbench_300_2026-02-11T064352Z_seed20260211_20260211_173407Z
VB-257,1,E2,WRONG_TOOL,1,AgentWrongTool,VBrun_injectE2_VBrun_scale_microbench_300_2026-02-11T064352Z_seed20260211_20260211_173407Z
VB-259,1,E2,WRONG_TOOL,1,AgentWrongTool,VBrun_injectE2_VBrun_scale_microbench_300_2026-02-11T064352Z_seed20260211_20260211_173407Z
VB-264,1,E2,WRONG_TOOL,1,AgentWrongTool,VBrun_injectE2_VBrun_scale_microbench_300_2026-02-11T064352Z_seed20260211_20260211_173407Z
VB-267,1,E2,WRONG_TOOL,1,AgentWrongTool,VBrun_injectE2_VBrun_scale_microbench_300_2026-02-11T064352Z_seed20260211_20260211_173407Z
VB-269,1,E2,WRONG_TOOL,1,AgentWrongTool,VBrun_injectE2_VBrun_scale_microbench_300_2026-02-11T064352Z_seed20260211_20260211_173407Z
VB-272,1,E2,WRONG_TOOL,1,AgentWrongTool,VBrun_injectE2_VBrun_scale_microbench_300_2026-02-11T064352Z_seed20260211_20260211_173407Z
VB-285,1,E2,WRONG_TOOL,1,AgentWrongTool,VBrun_injectE2_VBrun_scale_microbench_300_2026-02-11T064352Z_seed20260211_20260211_173407Z
VB-286,1,E2,WRONG_TOOL,1,AgentWrongTool,VBrun_injectE2_VBrun_scale_microbench_300_2026-02-11T064352Z_seed20260211_20260211_173407Z
VB-292,1,E2,WRONG_TOOL,1,AgentWrongTool,VBrun_injectE2_VBrun_scale_microbench_300_2026-02-11T064352Z_seed20260211_20260211_173407Z
VB-296,1,E2,WRONG_TOOL,1,AgentWrongTool,VBrun_injectE2_VBrun_scale_microbench_300_2026-02-11T064352Z_seed20260211_20260211_173407Z
VB-298,1,E2,WRONG_TOOL,1,AgentWrongTool,VBrun_injectE2_VBrun_scale_microbench_300_2026-02-11T064352Z_seed20260211_20260211_173407Z
VB-299,1,E2,WRONG_TOOL,1,AgentWrongTool,VBrun_injectE2_VBrun_scale_microbench_300_2026-02-11T064352Z_seed20260211_20260211_173407Z
VB-300,1,E2,WRONG_TOOL,1,AgentWrongTool,VBrun_injectE2_VBrun_scale_microbench_300_2026-02-11T064352Z_seed20260211_20260211_173407Z
